spot_source_id,fut_source_id,symbol_id,ask_spot,bid_futures,spread_pct,ts,s_b1,s_b2,s_b3,s_b4,s_b5,s_b6,s_b7,s_b8,s_b9,s_b10,s_bq1,s_bq2,s_bq3,s_bq4,s_bq5,s_bq6,s_bq7,s_bq8,s_bq9,s_bq10,s_a1,s_a2,s_a3,s_a4,s_a5,s_a6,s_a7,s_a8,s_a9,s_a10,s_aq1,s_aq2,s_aq3,s_aq4,s_aq5,s_aq6,s_aq7,s_aq8,s_aq9,s_aq10,f_b1,f_b2,f_b3,f_b4,f_b5,f_b6,f_b7,f_b8,f_b9,f_b10,f_bq1,f_bq2,f_bq3,f_bq4,f_bq5,f_bq6,f_bq7,f_bq8,f_bq9,f_bq10,f_a1,f_a2,f_a3,f_a4,f_a5,f_a6,f_a7,f_a8,f_a9,f_a10,f_aq1,f_aq2,f_aq3,f_aq4,f_aq5,f_aq6,f_aq7,f_aq8,f_aq9,f_aq10,fr_r,fr_ft
0,9,2,0.00001064,0.00001066,0.188,1774137683000,0.00001063,10401757.00,0.00001062,10283000.00,0.00001061,14965031.00,0.00001060,60027050.00,0.00001059,35204707.00,0.00001058,25672225.00,0.00001057,34088290.00,0.00001056,57708887.00,0.00001055,17366590.00,0.00001054,27898836.00,0.00001065,16697547.00,0.00001066,47211207.00,0.00001067,24019443.00,0.00001068,8985039.00,0.00001069,20938967.00,0.00001070,70811216.00,0.00001071,36403891.00,0.00001072,37526863.00,0.00001073,64619390.00,0.00001076,233022745.00,0.00001064,112589636,0.00001063,212589636,0.00001062,126641817,0.00001061,26209458,0.0000106,31949459,0.00001059,122588524,0.00001058,28226695,0.00001057,127874281,0.00001056,27487082,0.00001055,239082844,0.00001067,112582929,0.00001068,8362659,0.00001069,8422969,0.0000107,27387927,0.00001071,126876507,0.00001072,26493676,0.00001073,179345374,0.00001074,28792078,0.00001075,126944943,0.00001076,130021435,0.00005,1774152000000
0,9,2,0.00001064,0.00001065,0.094,1774137684000,0.00001063,10401757.00,0.00001062,10283000.00,0.00001061,32048275.00,0.00001060,60027050.00,0.00001059,35204707.00,0.00001058,25672225.00,0.00001057,34088290.00,0.00001056,57708887.00,0.00001055,17366590.00,0.00001053,236448619.00,0.00001065,16697547.00,0.00001066,47211207.00,0.00001067,24019443.00,0.00001068,8985039.00,0.00001069,20938967.00,0.00001070,70811216.00,0.00001071,36403891.00,0.00001072,37526863.00,0.00001073,64619390.00,0.00001076,233022745.00,0.00001064,104166667,0.00001063,212589636,0.00001062,126641817,0.00001061,26209458,0.0000106,31949459,0.00001059,122588524,0.00001058,28226695,0.00001057,127874281,0.00001056,27487082,0.00001055,239082844,0.00001067,216803219,0.00001068,8362659,0.00001069,8422969,0.0000107,27387927,0.00001071,126876507,0.00001072,26493676,0.00001073,179345374,0.00001074,28792078,0.00001075,126944943,0.00001076,130021435,0.00005,1774152000000
0,9,2,0.00001064,0.00001064,0.0,1774137687000,0.00001063,10283000.00,0.00001062,10283000.00,0.00001061,21765275.00,0.00001060,60027050.00,0.00001059,47529988.00,0.00001058,25672225.00,0.00001057,21763009.00,0.00001056,63007135.00,0.00001055,62146799.00,0.00001053,236448619.00,0.00001064,118757.00,0.00001065,10283000.00,0.00001066,35005967.00,0.00001067,36310273.00,0.00001068,8985039.00,0.00001069,20938967.00,0.00001070,70811216.00,0.00001071,36403891.00,0.00001072,37526863.00,0.00001073,64619390.00,,,,,,,,,,,,,,,,,,,,,,,,,,,,,,,,,,,,,,,,,0.00005,1774152000000
0,9,2,0.00001063,0.00001062,-0.0941,1774137688000,0.00001063,10283000.00,0.00001062,10283000.00,0.00001061,21765275.00,0.00001060,60027050.00,0.00001059,47529988.00,0.00001058,25672225.00,0.00001057,21763009.00,0.00001056,63007135.00,0.00001055,62146799.00,0.00001053,236448619.00,0.00001064,118757.00,0.00001065,10283000.00,0.00001066,35005967.00,0.00001067,36310273.00,0.00001068,8985039.00,0.00001069,20938967.00,0.00001070,70811216.00,0.00001071,36403891.00,0.00001072,37526863.00,0.00001073,64619390.00,0.00001064,104166667,0.00001063,212589636,0.00001062,108422969,0.00001061,26209458,0.0000106,31949459,0.00001059,122588524,0.00001058,28226695,0.00001057,127874281,0.00001056,27487082,0.00001055,239082844,0.00001067,216749616,0.00001069,8422969,0.0000107,27387927,0.00001071,126876507,0.00001072,26493676,0.00001073,179345374,0.00001074,28792078,0.00001075,126944943,0.00001076,130021435,0.00001077,27127171,0.00005,1774152000000
0,9,2,0.00001064,0.00001063,-0.094,1774137689000,0.00001061,4682031.00,0.00001060,60027050.00,0.00001059,16891999.00,0.00001058,25672225.00,0.00001057,34088290.00,0.00001056,63007135.00,0.00001055,62146799.00,0.00001054,282899005.00,0.00001053,642978.00,0.00001051,37110060.00,0.00001063,10401757.00,0.00001064,10500364.00,0.00001065,16480183.00,0.00001066,45701330.00,0.00001067,16114166.00,0.00001068,8985039.00,0.00001069,20938967.00,0.00001070,70811216.00,0.00001071,36403891.00,0.00001072,37526863.00,0.00001064,104166667,0.00001063,212589636,0.00001062,108422969,0.00001061,26209458,0.0000106,31949459,0.00001059,122588524,0.00001058,28226695,0.00001057,127874281,0.00001056,27487082,0.00001055,239082844,0.00001067,216749616,0.00001069,8422969,0.0000107,27387927,0.00001071,126876507,0.00001072,26493676,0.00001073,179345374,0.00001074,28792078,0.00001075,126944943,0.00001076,130021435,0.00001077,27127171,0.00005,1774152000000
0,9,2,0.00001064,0.00001064,0.0,1774137690000,0.00001063,10401645.00,0.00001062,10283000.00,0.00001061,35324269.00,0.00001060,60027050.00,0.00001059,35187397.00,0.00001058,25672225.00,0.00001057,34088290.00,0.00001056,39748255.00,0.00001055,62146799.00,0.00001054,282899005.00,0.00001064,217364.00,0.00001065,16480183.00,0.00001066,57878039.00,0.00001067,16114166.00,0.00001068,8985039.00,0.00001069,20938967.00,0.00001070,70811216.00,0.00001071,36403891.00,0.00001072,37526863.00,0.00001073,69396023.00,0.00001064,104166667,0.00001063,212589636,0.00001062,108422969,0.00001061,26209458,0.0000106,31949459,0.00001059,122588524,0.00001058,28226695,0.00001057,127874281,0.00001056,27487082,0.00001055,239082844,0.00001067,216749616,0.00001069,8422969,0.0000107,27387927,0.00001071,126876507,0.00001072,26493676,0.00001073,179345374,0.00001074,28792078,0.00001075,126944943,0.00001076,130021435,0.00001077,27127171,0.00005,1774152000000
0,9,2,0.00001065,0.00001063,-0.1878,1774137691000,0.00001061,35324269.00,0.00001060,60027050.00,0.00001059,35187397.00,0.00001058,25672225.00,0.00001057,34088290.00,0.00001056,61545088.00,0.00001055,62146799.00,0.00001054,282899005.00,0.00001053,642978.00,0.00001051,37110060.00,0.00001063,10500364.00,0.00001064,10283000.00,0.00001065,6197183.00,0.00001066,36899676.00,0.00001067,16114166.00,0.00001068,8985039.00,0.00001069,20938967.00,0.00001070,70811216.00,0.00001071,36403891.00,0.00001072,37526863.00,0.00001064,104166667,0.00001063,212589636,0.00001062,108422969,0.00001061,26209458,0.0000106,31949459,0.00001059,122588524,0.00001058,28226695,0.00001057,127874281,0.00001056,27487082,0.00001055,239082844,0.00001066,112569168,0.00001067,8362659,0.00001069,32573695,0.0000107,27387927,0.00001071,126876507,0.00001072,26493676,0.00001073,179345374,0.00001074,28792078,0.00001075,126944943,0.00001076,130021435,0.00005,1774152000000
0,9,2,0.00001064,0.00001062,-0.188,1774137692000,0.00001059,5470005.00,0.00001058,16625306.00,0.00001057,12441885.00,0.00001056,27942438.00,0.00001055,62146799.00,0.00001054,229492246.00,0.00001053,642978.00,0.00001052,18364570.00,0.00001051,37110060.00,0.00001050,530256187.00,0.00001060,10283000.00,0.00001061,20902009.00,0.00001065,27175546.00,0.00001067,16114166.00,0.00001068,8985039.00,0.00001070,49950599.00,0.00001071,15543274.00,0.00001072,16675999.00,0.00001073,69396023.00,0.00001076,233022745.00,0.00001064,204166667,0.00001063,104166667,0.00001062,108422969,0.00001061,26209458,0.0000106,31949459,0.00001059,122588524,0.00001058,28226695,0.00001057,127874281,0.00001056,27487082,0.00001055,239082844,0.00001066,112569168,0.00001067,8362659,0.00001069,32573695,0.0000107,27387927,0.00001071,126876507,0.00001072,26493676,0.00001073,179345374,0.00001074,28792078,0.00001075,126944943,0.00001076,130021435,0.00005,1774152000000
0,9,2,0.00001063,0.00001059,-0.3763,1774137693000,0.00001061,10045846.00,0.00001060,10283000.00,0.00001059,11022123.00,0.00001058,31506107.00,0.00001057,28440500.00,0.00001056,46514515.00,0.00001055,62146799.00,0.00001054,229378125.00,0.00001053,642978.00,0.00001052,34980133.00,0.00001062,6214689.00,0.00001064,20978363.00,0.00001065,39238134.00,0.00001067,16114166.00,0.00001068,8985039.00,0.00001070,49950599.00,0.00001071,15543274.00,0.00001072,16675999.00,0.00001073,69956240.00,0.00001076,233174176.00,0.00001064,204166667,0.00001063,112529326,0.00001062,108422969,0.00001061,26209458,0.0000106,31949459,0.00001059,122588524,0.00001058,28226695,0.00001057,127874281,0.00001056,27487082,0.00001055,239082844,0.00001066,112569168,0.00001067,8362659,0.00001069,32573695,0.0000107,27387927,0.00001071,126876507,0.00001072,26493676,0.00001073,179345374,0.00001074,28792078,0.00001075,126944943,0.00001076,130021435,0.00005,1774152000000
0,9,2,0.00001062,0.0000106,-0.1883,1774137694000,0.00001061,10465971.00,0.00001060,10283000.00,0.00001059,28091537.00,0.00001058,31506107.00,0.00001057,28440500.00,0.00001056,46514515.00,0.00001055,80459147.00,0.00001054,229378125.00,0.00001053,642978.00,0.00001052,16615563.00,0.00001063,10283000.00,0.00001064,27181370.00,0.00001065,39238134.00,0.00001067,16114166.00,0.00001068,8985039.00,0.00001070,49950599.00,0.00001071,15543274.00,0.00001072,16675999.00,0.00001073,69956240.00,0.00001076,233174176.00,0.00001064,204166667,0.00001063,112529326,0.00001062,108422969,0.00001061,26209458,0.0000106,31949459,0.00001059,122588524,0.00001058,28226695,0.00001057,127874281,0.00001056,27487082,0.00001055,239082844,0.00001066,8402501,0.00001067,8362659,0.00001069,32573695,0.0000107,27387927,0.00001071,126876507,0.00001072,26493676,0.00001073,179345374,0.00001074,28792078,0.00001075,126944943,0.00001076,130021435,0.00005,1774152000000
0,9,2,0.00001061,0.00001061,0.0,1774137695000,0.00001062,420125.00,0.00001061,10045846.00,0.00001060,26623325.00,0.00001059,28091537.00,0.00001058,31506107.00,0.00001057,28440500.00,0.00001056,58320332.00,0.00001055,62146799.00,0.00001054,217971732.00,0.00001053,642978.00,0.00001063,10283000.00,0.00001064,6203007.00,0.00001065,27175546.00,0.00001066,33241777.00,0.00001067,16114166.00,0.00001068,8985039.00,0.00001070,49950599.00,0.00001071,15543274.00,0.00001072,16675999.00,0.00001073,69956240.00,0.00001065,112529326,0.00001064,204166667,0.00001063,112529326,0.00001062,108422969,0.00001061,26209458,0.0000106,31949459,0.00001059,122588524,0.00001058,28226695,0.00001057,127874281,0.00001056,27487082,0.00001067,8362659,0.00001069,32573695,0.0000107,27387927,0.00001071,126876507,0.00001072,26493676,0.00001073,179345374,0.00001074,28792078,0.00001075,126944943,0.00001076,130021435,0.00001077,27127171,0.00005,1774152000000
0,9,2,0.00001060,0.00001062,0.1887,1774137696000,0.00001060,26908372.00,0.00001059,28091537.00,0.00001058,31506107.00,0.00001057,28440500.00,0.00001056,76650349.00,0.00001055,62146799.00,0.00001054,217971732.00,0.00001053,642978.00,0.00001052,16615563.00,0.00001051,37110060.00,0.00001062,10283000.00,0.00001064,6203007.00,0.00001065,20978363.00,0.00001066,33156186.00,0.00001067,16114166.00,0.00001068,8985039.00,0.00001070,49950599.00,0.00001071,15543274.00,0.00001072,16675999.00,0.00001073,69956240.00,0.00001065,112529326,0.00001064,204166667,0.00001063,112529326,0.00001062,108422969,0.00001061,26209458,0.0000106,31949459,0.00001059,122588524,0.00001058,28226695,0.00001057,127874281,0.00001056,27487082,0.00001067,216749616,0.00001069,32573695,0.0000107,27387927,0.00001071,126876507,0.00001072,26493676,0.00001073,179345374,0.00001074,28792078,0.00001075,126944943,0.00001076,130021435,0.00001077,27127171,0.00005,1774152000000
0,9,2,0.00001061,0.00001062,0.0943,1774137697000,0.00001061,10568047.00,0.00001060,26623325.00,0.00001059,28091537.00,0.00001058,31506107.00,0.00001057,28440500.00,0.00001056,76650349.00,0.00001055,90019191.00,0.00001054,217971732.00,0.00001053,642978.00,0.00001052,16615563.00,0.00001063,134809.00,0.00001064,6203007.00,0.00001065,20978363.00,0.00001066,33156186.00,0.00001067,16114166.00,0.00001068,8985039.00,0.00001070,49950599.00,0.00001071,15543274.00,0.00001072,16675999.00,0.00001073,69956240.00,0.00001065,112529326,0.00001064,204166667,0.00001063,112529326,0.00001062,108422969,0.00001061,26209458,0.0000106,31949459,0.00001059,122588524,0.00001058,28226695,0.00001057,127874281,0.00001056,27487082,0.00001067,112529326,0.00001069,32573695,0.0000107,27387927,0.00001071,126876507,0.00001072,26493676,0.00001073,179345374,0.00001074,28792078,0.00001075,126944943,0.00001076,130021435,0.00001077,27127171,0.00005,1774152000000
0,9,2,0.00001064,0.00001061,-0.282,1774137698000,0.00001058,10802923.00,0.00001057,16115219.00,0.00001056,61539883.00,0.00001055,45238982.00,0.00001054,20279279.00,0.00001053,21141436.00,0.00001052,28021956.00,0.00001051,57183935.00,0.00001050,595256426.00,0.00001049,2541027.00,0.00001059,10283000.00,0.00001060,10283000.00,0.00001061,419856.00,0.00001062,6214689.00,0.00001063,21008007.00,0.00001064,226653111.00,0.00001065,20978363.00,0.00001066,21008007.00,0.00001067,61901996.00,0.00001068,8985039.00,0.00001065,112529326,0.00001064,204166667,0.00001063,112529326,0.00001062,108422969,0.00001061,26209458,0.0000106,31949459,0.00001059,122588524,0.00001058,28226695,0.00001057,127874281,0.00001056,27487082,0.00001067,216749616,0.00001069,32573695,0.0000107,27387927,0.00001071,126876507,0.00001072,26493676,0.00001073,179345374,0.00001074,28792078,0.00001075,126944943,0.00001076,130021435,0.00001077,27127171,0.00005,1774152000000
0,9,2,0.00001063,0.00001058,-0.4704,1774137700000,0.00001059,10284492.00,0.00001058,10802923.00,0.00001057,47415922.00,0.00001056,61539883.00,0.00001055,45238982.00,0.00001054,38643618.00,0.00001053,33466717.00,0.00001052,28021956.00,0.00001051,37110060.00,0.00001050,595256426.00,0.00001061,16788593.00,0.00001062,44574821.00,0.00001063,67241930.00,0.00001064,220450104.00,0.00001065,20978363.00,0.00001066,21008007.00,0.00001067,61901996.00,0.00001068,8985039.00,0.00001070,49950599.00,0.00001071,15543274.00,0.00001066,112529326,0.00001065,112529326,0.00001064,204166667,0.00001063,8362659,0.00001062,108422969,0.00001061,26209458,0.0000106,31949459,0.00001059,122588524,0.00001058,28226695,0.00001057,127874281,0.00001069,240960652,0.0000107,27387927,0.00001071,126876507,0.00001072,26493676,0.00001073,179345374,0.00001074,28792078,0.00001075,126944943,0.00001076,130021435,0.00001077,27127171,0.00001078,26710235,0.00005,1774152000000
0,9,2,0.00001063,0.00001059,-0.3763,1774137701000,0.00001059,10284492.00,0.00001058,10802923.00,0.00001057,47415922.00,0.00001056,61539883.00,0.00001055,45238982.00,0.00001054,38643618.00,0.00001053,33466717.00,0.00001052,28021956.00,0.00001051,37110060.00,0.00001050,595256426.00,0.00001061,16788593.00,0.00001062,44574821.00,0.00001063,67241930.00,0.00001064,220450104.00,0.00001065,20978363.00,0.00001066,21008007.00,0.00001067,61901996.00,0.00001068,8985039.00,0.00001070,49950599.00,0.00001071,15543274.00,0.00001066,112529326,0.00001065,112529326,0.00001064,204166667,0.00001063,8362659,0.00001062,108422969,0.00001061,26209458,0.0000106,31949459,0.00001059,122588524,0.00001058,28226695,0.00001057,127874281,0.00001068,104250552,0.00001069,32573695,0.0000107,27387927,0.00001071,126876507,0.00001072,26493676,0.00001073,179345374,0.00001074,28792078,0.00001075,126944943,0.00001076,130021435,0.00001077,27127171,0.00005,1774152000000
0,9,2,0.00001063,0.00001059,-0.3763,1774137702000,0.00001058,10802923.00,0.00001057,47415922.00,0.00001056,61539883.00,0.00001055,45238982.00,0.00001054,38643618.00,0.00001053,33466717.00,0.00001052,28021956.00,0.00001051,37110060.00,0.00001050,595256426.00,0.00001049,2541027.00,0.00001059,10146699.00,0.00001061,6220546.00,0.00001062,44574821.00,0.00001063,67241930.00,0.00001064,220450104.00,0.00001065,20978363.00,0.00001066,21008007.00,0.00001067,61901996.00,0.00001068,8985039.00,0.00001070,49950599.00,0.00001065,112529326,0.00001064,204166667,0.00001063,109787591,0.00001062,108422969,0.00001061,26209458,0.0000106,31949459,0.00001059,122588524,0.00001058,28226695,0.00001057,127874281,0.00001056,27487082,0.00001068,208470842,0.00001069,32573695,0.0000107,27387927,0.00001071,126876507,0.00001072,26493676,0.00001073,179345374,0.00001074,28792078,0.00001075,126944943,0.00001076,130021435,0.00001077,27127171,0.00005,1774152000000
0,9,2,0.00001062,0.00001059,-0.2825,1774137704000,0.00001059,10284702.00,0.00001058,10802923.00,0.00001057,16115219.00,0.00001056,61539883.00,0.00001055,75430954.00,0.00001054,38643617.00,0.00001053,33466717.00,0.00001052,28021956.00,0.00001051,53059106.00,0.00001050,595256426.00,0.00001061,16788593.00,0.00001062,44574821.00,0.00001063,67241930.00,0.00001064,188679245.00,0.00001065,53855061.00,0.00001066,21008007.00,0.00001067,61901996.00,0.00001068,8985039.00,0.00001070,49950599.00,0.00001071,15543274.00,0.00001064,204166667,0.00001063,8362659,0.00001062,108422969,0.00001061,127825512,0.0000106,31949459,0.00001059,122588524,0.00001058,28226695,0.00001057,127874281,0.00001056,27487082,0.00001055,239082844,0.00001066,104166667,0.00001067,8362659,0.00001069,32573695,0.0000107,27387927,0.00001071,126876507,0.00001072,26493676,0.00001073,179345374,0.00001074,28792078,0.00001075,126944943,0.00001076,130021435,0.00005,1774152000000
0,9,2,0.00001063,0.00001057,-0.5644,1774137706000,0.00001058,519923.00,0.00001057,116604.00,0.00001056,44334247.00,0.00001055,93777885.00,0.00001054,17943851.00,0.00001053,17460466.00,0.00001052,43966212.00,0.00001051,53059106.00,0.00001050,530256187.00,0.00001049,1378405.00,0.00001059,10283000.00,0.00001060,675719534.00,0.00001061,6220546.00,0.00001063,68597391.00,0.00001064,49867309.00,0.00001065,242583407.00,0.00001066,21008007.00,0.00001070,33867160.00,0.00001073,5433290.00,0.00001076,151431.00,,,,,,,,,,,,,,,,,,,,,,,,,,,,,,,,,,,,,,,,,0.00005,1774152000000
0,9,2,0.00001061,0.00001059,-0.1885,1774137707000,0.00001057,10399604.00,0.00001056,44334247.00,0.00001055,75430954.00,0.00001054,17943851.00,0.00001053,35859719.00,0.00001052,31640931.00,0.00001051,53059106.00,0.00001050,542581468.00,0.00001049,1378405.00,0.00001048,96440.00,0.00001059,22275912.00,0.00001060,662722257.00,0.00001061,6220546.00,0.00001062,21067548.00,0.00001063,68597391.00,0.00001064,49867309.00,0.00001065,242583407.00,0.00001066,21008007.00,0.00001070,33867160.00,0.00001073,5433290.00,,,,,,,,,,,,,,,,,,,,,,,,,,,,,,,,,,,,,,,,,0.00005,1774152000000
0,9,2,0.00001060,0.00001059,-0.0943,1774137708000,0.00001057,10399604.00,0.00001056,44334247.00,0.00001055,75430954.00,0.00001054,17943851.00,0.00001053,35859719.00,0.00001052,31640931.00,0.00001051,53059106.00,0.00001050,542581468.00,0.00001049,1378405.00,0.00001048,96440.00,0.00001059,22275912.00,0.00001060,662722257.00,0.00001062,21067548.00,0.00001063,68597391.00,0.00001064,49867309.00,0.00001065,242583407.00,0.00001066,21008007.00,0.00001070,33867160.00,0.00001073,5433290.00,0.00001076,1857181418.00,0.00001064,204166667,0.00001063,8362659,0.00001062,108422969,0.00001061,127825340,0.0000106,31949459,0.00001059,122588524,0.00001058,28226695,0.00001057,127874281,0.00001056,27487082,0.00001055,239082844,0.00001066,104166667,0.00001067,8362659,0.00001069,32573695,0.0000107,27387927,0.00001071,126876507,0.00001072,26493676,0.00001073,179345374,0.00001074,28792078,0.00001075,126944943,0.00001076,130021435,0.00005,1774152000000
0,9,2,0.00001060,0.00001061,0.0943,1774137710000,0.00001056,38225438.00,0.00001055,75430954.00,0.00001054,17943851.00,0.00001053,35859719.00,0.00001052,31640931.00,0.00001051,53059106.00,0.00001050,542581468.00,0.00001049,2391400.00,0.00001048,96440.00,0.00001047,655728.00,0.00001058,10421003.00,0.00001059,22833562.00,0.00001060,668948672.00,0.00001062,21067548.00,0.00001063,21067548.00,0.00001064,49867309.00,0.00001065,242583407.00,0.00001066,21008007.00,0.00001070,33867160.00,0.00001073,5433290.00,0.00001064,204166667,0.00001063,8362659,0.00001062,209942840,0.00001061,26209458,0.0000106,31949459,0.00001059,122588524,0.00001058,28226695,0.00001057,127874281,0.00001056,27487082,0.00001055,239082844,0.00001066,104166667,0.00001067,109406815,0.00001069,32573695,0.0000107,27387927,0.00001071,126876507,0.00001072,26493676,0.00001073,179345374,0.00001074,28792078,0.00001075,126944943,0.00001076,130021435,0.00005,1774152000000
0,9,2,0.00001061,0.00001058,-0.2828,1774137711000,0.00001056,38225438.00,0.00001055,75430954.00,0.00001054,17943851.00,0.00001053,35859719.00,0.00001052,31640931.00,0.00001051,53059106.00,0.00001050,542581468.00,0.00001049,2391400.00,0.00001048,96440.00,0.00001047,655728.00,0.00001058,10639596.00,0.00001059,22833562.00,0.00001060,668948672.00,0.00001062,21067548.00,0.00001063,72088402.00,0.00001064,49867309.00,0.00001065,242583407.00,0.00001066,21008007.00,0.00001067,45787830.00,0.00001070,33867160.00,0.00001064,204166667,0.00001063,8362659,0.00001062,108422969,0.00001061,127825009,0.0000106,31949459,0.00001059,122588524,0.00001058,28226695,0.00001057,127874281,0.00001056,27487082,0.00001055,239082844,0.00001066,208386957,0.00001067,109406806,0.00001069,32573695,0.0000107,27387927,0.00001071,126876507,0.00001072,26493676,0.00001073,179345374,0.00001074,28792078,0.00001075,126944943,0.00001076,130021435,0.00005,1774152000000
0,9,2,0.00001060,0.00001058,-0.1887,1774137714000,0.00001056,9926404.00,0.00001055,13228848.00,0.00001054,29752192.00,0.00001053,28768151.00,0.00001052,60242425.00,0.00001051,53078703.00,0.00001050,530256187.00,0.00001049,2391400.00,0.00001048,96440.00,0.00001047,560217.00,0.00001058,28951589.00,0.00001059,10283000.00,0.00001060,652439257.00,0.00001062,21067548.00,0.00001063,72088402.00,0.00001064,49867309.00,0.00001065,242679847.00,0.00001066,21008007.00,0.00001067,45787830.00,0.00001069,100191.00,0.00001063,58255926,0.00001062,108422969,0.00001061,26209458,0.0000106,31949459,0.00001059,122588524,0.00001058,28226695,0.00001057,127874281,0.00001056,77487082,0.00001055,19744779,0.00001054,19498958,0.00001065,208386957,0.00001067,26316975,0.00001068,18736143,0.00001069,32573695,0.0000107,27387927,0.00001071,126876507,0.00001072,26493676,0.00001073,179345374,0.00001074,28792078,0.00001075,126944943,0.00005,1774152000000
0,9,2,0.00001061,0.00001059,-0.1885,1774137715000,0.00001057,10398091.00,0.00001056,10175203.00,0.00001055,29124841.00,0.00001054,29752192.00,0.00001053,36884304.00,0.00001052,72853066.00,0.00001051,53078703.00,0.00001050,542581468.00,0.00001049,2391400.00,0.00001048,96440.00,0.00001059,10571380.00,0.00001060,652439257.00,0.00001062,21067548.00,0.00001063,72088402.00,0.00001064,49867309.00,0.00001065,242679847.00,0.00001066,21008007.00,0.00001067,45787830.00,0.00001069,100191.00,0.00001070,33867160.00,0.00001063,162422593,0.00001062,108422969,0.00001061,26209458,0.0000106,31949459,0.00001059,122588524,0.00001058,28226695,0.00001057,127874281,0.00001056,77487082,0.00001055,19744779,0.00001054,19498958,0.00001065,104166667,0.00001067,26316975,0.00001068,18736143,0.00001069,32573695,0.0000107,27387927,0.00001071,126876507,0.00001072,26493676,0.00001073,179345374,0.00001074,28792078,0.00001075,126944943,0.00005,1774152000000
0,9,2,0.00001059,0.00001058,-0.0944,1774137716000,0.00001053,642978.00,0.00001052,27951876.00,0.00001051,37110060.00,0.00001050,557886067.00,0.00001049,2391400.00,0.00001048,96440.00,0.00001047,560217.00,0.00001046,14661434.00,0.00001045,150228066.00,0.00001044,26217630.00,0.00001054,7632277.00,0.00001055,10283000.00,0.00001056,30589886.00,0.00001057,30398849.00,0.00001058,47467026.00,0.00001059,47869639.00,0.00001060,652439257.00,0.00001062,21067548.00,0.00001063,72088402.00,0.00001064,49867309.00,0.00001064,8255926,0.00001063,162422593,0.00001062,108422969,0.00001061,26209458,0.0000106,31949459,0.00001059,122588524,0.00001058,28226695,0.00001057,127874281,0.00001056,77487082,0.00001055,19744779,0.00001067,130537265,0.00001068,18736143,0.00001069,32573695,0.0000107,27387927,0.00001071,126876507,0.00001072,26493676,0.00001073,179345374,0.00001074,28792078,0.00001075,126944943,0.00001076,130021435,0.00005,1774152000000
0,9,2,0.00001061,0.00001056,-0.4713,1774137717000,0.00001053,176127.00,0.00001052,5673921.00,0.00001051,54675421.00,0.00001050,557884023.00,0.00001049,1378405.00,0.00001048,96440.00,0.00001047,560217.00,0.00001046,14661434.00,0.00001045,150228066.00,0.00001044,26325509.00,0.00001055,363420.00,0.00001056,17804567.00,0.00001057,49919120.00,0.00001058,47467026.00,0.00001059,47869639.00,0.00001060,652439257.00,0.00001062,21067548.00,0.00001063,72088402.00,0.00001064,49867309.00,0.00001065,222777594.00,0.00001064,112422593,0.00001063,162422593,0.00001062,209942796,0.00001061,26209458,0.0000106,31949459,0.00001059,122588524,0.00001058,28226695,0.00001057,127874281,0.00001056,77487082,0.00001055,19744779,0.00001067,112582949,0.00001068,18736143,0.00001069,32573695,0.0000107,27387927,0.00001071,126876507,0.00001072,26493676,0.00001073,179345374,0.00001074,28792078,0.00001075,126944943,0.00001076,130021435,0.00005,1774152000000
0,9,2,0.00001061,0.00001058,-0.2828,1774137720000,0.00001053,10898800.00,0.00001052,19518598.00,0.00001051,54675421.00,0.00001050,557884023.00,0.00001049,1378405.00,0.00001048,96440.00,0.00001047,560217.00,0.00001046,14661434.00,0.00001045,150228066.00,0.00001044,26325509.00,0.00001055,363420.00,0.00001056,37365871.00,0.00001057,28821675.00,0.00001058,47467026.00,0.00001059,47869639.00,0.00001060,652439257.00,0.00001062,21067548.00,0.00001063,72088402.00,0.00001064,49867309.00,0.00001065,222777594.00,0.00001063,112422593,0.00001062,108422969,0.00001061,26209458,0.0000106,133660774,0.00001059,122588524,0.00001058,28226695,0.00001057,127874281,0.00001056,77487082,0.00001055,19744779,0.00001054,19498958,0.00001065,101233752,0.00001066,112575050,0.00001067,8362659,0.00001068,18736143,0.00001069,32573695,0.0000107,27387927,0.00001071,126876507,0.00001072,26493676,0.00001073,179345374,0.00001074,28792078,0.00005,1774152000000
0,9,2,0.00001056,0.00001055,-0.0947,1774137725000,0.00001052,3469000.00,0.00001051,8430005.00,0.00001050,557884023.00,0.00001049,2391400.00,0.00001048,96440.00,0.00001047,19064309.00,0.00001046,14661434.00,0.00001045,150228066.00,0.00001044,23352343.00,0.00001043,4845752.00,0.00001053,615800.00,0.00001054,28659499.00,0.00001055,363420.00,0.00001056,19561304.00,0.00001057,31728875.00,0.00001058,47467026.00,0.00001059,47869639.00,0.00001060,652439257.00,0.00001061,2878997.00,0.00001062,21067548.00,0.0000106,201336478,0.00001059,100000000,0.00001058,8422969,0.00001057,108422969,0.00001056,77012588,0.00001055,20509636,0.00001054,19498958,0.00001053,26695901,0.00001052,247347848,0.00001051,27113475,0.00001062,58255926,0.00001063,26255718,0.00001064,27092942,0.00001065,26386798,0.00001066,26757068,0.00001067,30711328,0.00001068,18736143,0.00001069,32573695,0.0000107,27387927,0.00001071,126876507,0.00005,1774152000000
0,9,2,0.00001057,0.00001054,-0.2838,1774137727000,0.00001051,6814036.00,0.00001050,542857974.00,0.00001049,2391400.00,0.00001048,15121808.00,0.00001047,19064309.00,0.00001046,14661434.00,0.00001045,150228066.00,0.00001044,23352343.00,0.00001043,4845752.00,0.00001042,24103622.00,0.00001052,10459127.00,0.00001053,10283000.00,0.00001054,28659499.00,0.00001055,21561138.00,0.00001056,19561304.00,0.00001057,31728875.00,0.00001058,47467026.00,0.00001059,47869639.00,0.00001060,652439257.00,0.00001061,7655630.00,0.00001061,204166667,0.0000106,201336478,0.00001059,100000000,0.00001058,8422969,0.00001057,108422969,0.00001056,77012588,0.00001055,20509636,0.00001054,19498958,0.00001053,26695901,0.00001052,247347848,0.00001064,127592302,0.00001065,26386798,0.00001066,26757068,0.00001067,30711328,0.00001068,18736143,0.00001069,32573695,0.0000107,27387927,0.00001071,126876507,0.00001072,26493676,0.00001073,179345374,0.00005,1774152000000
0,9,2,0.00001057,0.00001054,-0.2838,1774137728000,0.00001052,3469000.00,0.00001051,6990665.00,0.00001050,557883342.00,0.00001049,2391400.00,0.00001048,12421721.00,0.00001047,19064309.00,0.00001046,2336153.00,0.00001045,150228066.00,0.00001044,23352343.00,0.00001043,4845752.00,0.00001053,439673.00,0.00001054,11994026.00,0.00001055,363420.00,0.00001056,19561304.00,0.00001057,31728875.00,0.00001058,47467026.00,0.00001059,47869639.00,0.00001060,652439257.00,0.00001061,7655630.00,0.00001062,21067548.00,0.00001062,8255926,0.00001061,204166667,0.0000106,209592404,0.00001059,100000000,0.00001058,8422969,0.00001057,126697752,0.00001056,77012588,0.00001055,20509636,0.00001054,19498958,0.00001053,26695901,0.00001064,69785372,0.00001065,8255926,0.00001066,26757068,0.00001067,30711328,0.00001068,18736143,0.00001069,32573695,0.0000107,27387927,0.00001071,126876507,0.00001072,26493676,0.00001073,179345374,0.00005,1774152000000
0,9,2,0.00001057,0.00001054,-0.2838,1774137729000,0.00001053,3249000.00,0.00001052,19138815.00,0.00001051,6814036.00,0.00001050,542581468.00,0.00001049,20860212.00,0.00001048,96440.00,0.00001047,15585585.00,0.00001046,2336153.00,0.00001045,150228066.00,0.00001044,23352343.00,0.00001054,2027356.00,0.00001055,363420.00,0.00001057,10283000.00,0.00001058,31380445.00,0.00001059,31668825.00,0.00001061,4776633.00,0.00001062,24583596.00,0.00001063,84844248.00,0.00001064,28799761.00,0.00001065,222777594.00,0.00001062,8255926,0.00001061,204166667,0.0000106,209592404,0.00001059,100000000,0.00001058,26272633,0.00001057,126697752,0.00001056,77012588,0.00001055,20509636,0.00001054,19498958,0.00001053,26695901,0.00001065,32343183,0.00001066,26757068,0.00001067,30711328,0.00001068,18736143,0.00001069,32573695,0.0000107,27387927,0.00001071,126876507,0.00001072,26493676,0.00001073,179345374,0.00001074,28792078,0.00005,1774152000000
0,9,2,0.00001058,0.00001054,-0.3781,1774137730000,0.00001053,2230986.00,0.00001052,18962186.00,0.00001051,6814036.00,0.00001050,545281555.00,0.00001049,20860212.00,0.00001048,96440.00,0.00001047,560217.00,0.00001046,14661434.00,0.00001045,150228066.00,0.00001044,23352343.00,0.00001055,10283000.00,0.00001056,177605449.00,0.00001057,10283000.00,0.00001058,10283000.00,0.00001059,31668825.00,0.00001061,4776633.00,0.00001062,24583596.00,0.00001063,84844248.00,0.00001064,28799761.00,0.00001065,222777594.00,0.00001062,112422593,0.00001061,204166667,0.0000106,209592404,0.00001059,100000000,0.00001058,26272633,0.00001057,126697752,0.00001056,77012588,0.00001055,20509636,0.00001054,19498958,0.00001053,26695901,0.00001065,32343183,0.00001066,26757068,0.00001067,30711328,0.00001068,18736143,0.00001069,35711333,0.0000107,27387927,0.00001071,126876507,0.00001072,26493676,0.00001073,179345374,0.00001074,28792078,0.00005,1774152000000
0,9,2,0.00001043,0.00001046,0.2876,1774137735000,0.00001055,10283000.00,0.00001054,5776515.00,0.00001053,20201412.00,0.00001052,7789270.00,0.00001051,34504701.00,0.00001050,530256187.00,0.00001049,1378405.00,0.00001048,96440.00,0.00001047,560217.00,0.00001046,2336153.00,0.00001057,10283000.00,0.00001058,10283000.00,0.00001059,175462.00,0.00001061,7795555.00,0.00001062,33728946.00,0.00001063,3777148.00,0.00001065,23316351.00,0.00001067,3994679.00,0.00001068,3123123.00,0.00001069,189583848.00,0.0000106,159592404,0.00001059,100000000,0.00001058,26272633,0.00001057,126697752,0.00001056,77012588,0.00001055,20509636,0.00001054,19498958,0.00001053,76695901,0.00001052,247347848,0.00001051,27113475,0.00001064,32665930,0.00001065,108255926,0.00001066,26757068,0.00001067,30711328,0.00001068,18736143,0.00001069,32573695,0.0000107,27387927,0.00001071,126876507,0.00001072,26493676,0.00001073,179345374,0.00005,1774152000000
0,9,2,0.00001041,0.00001046,0.4803,1774137736000,0.00001054,10283000.00,0.00001053,16550806.00,0.00001052,6273764.00,0.00001051,48442885.00,0.00001050,530256187.00,0.00001049,1378405.00,0.00001048,96440.00,0.00001047,560217.00,0.00001046,2336153.00,0.00001045,339085478.00,0.00001056,10283000.00,0.00001057,10283000.00,0.00001059,13526845.00,0.00001060,34780549.00,0.00001061,3994679.00,0.00001062,21067548.00,0.00001063,3777148.00,0.00001065,212710290.00,0.00001068,3123123.00,0.00001069,100191.00,0.0000106,104166667,0.00001059,100000000,0.00001058,8422969,0.00001057,108422969,0.00001056,58147483,0.00001055,20509636,0.00001054,19498958,0.00001053,76695901,0.00001052,247347848,0.00001051,27113475,0.00001063,130852437,0.00001064,60937004,0.00001065,136527000,0.00001066,26757068,0.00001067,30711328,0.00001068,18736143,0.00001069,32573695,0.0000107,27387927,0.00001071,126876507,0.00001072,26493676,0.00005,1774152000000
0,9,2,0.00001039,0.00001046,0.6737,1774137737000,0.00001056,15396635.00,0.00001055,10523639.00,0.00001054,10283000.00,0.00001053,16550806.00,0.00001052,7789270.00,0.00001051,69510433.00,0.00001050,530256187.00,0.00001049,1378405.00,0.00001048,96440.00,0.00001047,560217.00,0.00001058,6705538.00,0.00001059,26844063.00,0.00001060,22149603.00,0.00001061,3994679.00,0.00001062,33820302.00,0.00001063,3777148.00,0.00001065,23360328.00,0.00001068,3123123.00,0.00001069,33967351.00,0.00001073,656657.00,,,,,,,,,,,,,,,,,,,,,,,,,,,,,,,,,,,,,,,,,0.00005,1774152000000
0,9,2,0.00001040,0.00001046,0.5769,1774137738000,0.00001058,10283000.00,0.00001057,11985932.00,0.00001056,10336826.00,0.00001055,10523639.00,0.00001054,10283000.00,0.00001053,21180189.00,0.00001052,27341312.00,0.00001051,67897530.00,0.00001050,530256187.00,0.00001049,1378405.00,0.00001060,28089548.00,0.00001061,31282773.00,0.00001062,21067548.00,0.00001063,3777148.00,0.00001064,1082055.00,0.00001065,96440.00,0.00001068,12808196.00,0.00001069,33967351.00,0.00001071,4776633.00,0.00001073,656657.00,,,,,,,,,,,,,,,,,,,,,,,,,,,,,,,,,,,,,,,,,0.00005,1774152000000
0,9,2,0.00001040,0.0000105,0.9615,1774137739000,0.00001059,10283000.00,0.00001058,10896474.00,0.00001057,11985932.00,0.00001056,26241146.00,0.00001055,40103200.00,0.00001054,67105319.00,0.00001053,68365356.00,0.00001052,51148444.00,0.00001051,6814036.00,0.00001050,530256187.00,0.00001060,21067548.00,0.00001061,21067548.00,0.00001062,27282237.00,0.00001063,3777148.00,0.00001064,12808196.00,0.00001065,28371159.00,0.00001069,100191.00,0.00001071,4776633.00,0.00001073,656657.00,0.00001074,2585004.00,,,,,,,,,,,,,,,,,,,,,,,,,,,,,,,,,,,,,,,,,0.00005,1774152000000
0,9,2,0.00001036,0.0000105,1.3514,1774137740620,0.00001058,10283000.00,0.00001057,27780676.00,0.00001056,26241146.00,0.00001055,36987285.00,0.00001054,67105319.00,0.00001053,71481271.00,0.00001052,30080896.00,0.00001051,24537003.00,0.00001050,530256187.00,0.00001049,1378405.00,0.00001060,7635474.00,0.00001061,21067548.00,0.00001062,27282237.00,0.00001063,28829428.00,0.00001064,12808196.00,0.00001065,23294425.00,0.00001068,1082055.00,0.00001069,100191.00,0.00001071,4776633.00,0.00001073,189514069.00,0.00001058,8422969,0.00001057,108422969,0.00001056,77138944,0.00001055,20509636,0.00001054,19498958,0.00001053,76695901,0.00001052,247347848,0.00001051,27113475,0.0000105,29071577,0.00001049,26040087,0.00001063,130852437,0.00001064,36849747,0.00001065,136527000,0.00001066,26757068,0.00001067,30711328,0.00001068,18736143,0.00001069,32573695,0.0000107,27387927,0.00001071,126876507,0.00001072,26493676,0.00005,1774152000000
0,9,2,0.00001037,0.0000105,1.2536,1774137740921,0.00001058,10283000.00,0.00001057,27780676.00,0.00001056,26241146.00,0.00001055,36987285.00,0.00001054,67105319.00,0.00001053,71481271.00,0.00001052,30080896.00,0.00001051,24537003.00,0.00001050,530256187.00,0.00001049,1378405.00,0.00001060,7635474.00,0.00001061,21067548.00,0.00001062,27282237.00,0.00001063,28829428.00,0.00001064,12808196.00,0.00001065,23294425.00,0.00001068,1082055.00,0.00001069,100191.00,0.00001071,4776633.00,0.00001073,189514069.00,0.00001058,8422969,0.00001057,108422969,0.00001056,77138944,0.00001055,20509636,0.00001054,19498958,0.00001053,76695901,0.00001052,247347848,0.00001051,27113475,0.0000105,29071577,0.00001049,26040087,0.00001063,130852437,0.00001064,36849747,0.00001065,136527000,0.00001066,26757068,0.00001067,30711328,0.00001068,18736143,0.00001069,32573695,0.0000107,27387927,0.00001071,126876507,0.00001072,26493676,0.00005,1774152000000
0,9,2,0.00001037,0.0000105,1.2536,1774137741221,0.00001058,10283000.00,0.00001057,27780676.00,0.00001056,26241146.00,0.00001055,36987285.00,0.00001054,67105319.00,0.00001053,71481271.00,0.00001052,30080896.00,0.00001051,24537003.00,0.00001050,530256187.00,0.00001049,1378405.00,0.00001060,613474.00,0.00001061,21067548.00,0.00001062,27282237.00,0.00001063,28829428.00,0.00001064,12808196.00,0.00001065,23294425.00,0.00001069,100191.00,0.00001071,4776633.00,0.00001073,189514069.00,0.00001074,2585004.00,0.00001058,8422969,0.00001057,108422969,0.00001056,77138944,0.00001055,20509636,0.00001054,19498958,0.00001053,76695901,0.00001052,247347848,0.00001051,27113475,0.0000105,29071577,0.00001049,26040087,0.00001063,130852437,0.00001064,36849747,0.00001065,136527000,0.00001066,26757068,0.00001067,30711328,0.00001068,18736143,0.00001069,32573695,0.0000107,27387927,0.00001071,126876507,0.00001072,26493676,0.00005,1774152000000
0,9,2,0.00001037,0.0000105,1.2536,1774137741521,0.00001060,10283000.00,0.00001058,27920283.00,0.00001057,27780676.00,0.00001056,26241146.00,0.00001055,58044886.00,0.00001054,67105319.00,0.00001053,71481271.00,0.00001052,23604352.00,0.00001051,6814036.00,0.00001050,530256187.00,0.00001061,21067548.00,0.00001062,27282237.00,0.00001063,28829428.00,0.00001064,12808196.00,0.00001065,96440.00,0.00001068,1082055.00,0.00001069,100191.00,0.00001071,4776633.00,0.00001073,656657.00,0.00001074,2585004.00,0.00001058,8422969,0.00001057,108422969,0.00001056,77138944,0.00001055,20509636,0.00001054,19498958,0.00001053,76695901,0.00001052,247347848,0.00001051,27113475,0.0000105,29071577,0.00001049,26040087,0.00001063,130852437,0.00001064,36849747,0.00001065,136527000,0.00001066,26757068,0.00001067,30711328,0.00001068,18736143,0.00001069,32573695,0.0000107,27387927,0.00001071,126876507,0.00001072,26493676,0.00005,1774152000000
0,9,2,0.00001037,0.0000105,1.2536,1774137741822,0.00001052,27331365.00,0.00001051,22604093.00,0.00001050,530256187.00,0.00001049,1378405.00,0.00001048,96440.00,0.00001047,560217.00,0.00001046,2336153.00,0.00001045,150228066.00,0.00001044,65374187.00,0.00001043,4845752.00,0.00001054,398165087.00,0.00001056,10283000.00,0.00001057,27780676.00,0.00001058,20566000.00,0.00001059,175296.00,0.00001061,21067548.00,0.00001062,33392829.00,0.00001063,24834749.00,0.00001065,96440.00,0.00001067,23165173.00,0.00001052,8164434,0.00001051,76522608,0.0000105,173332654,0.00001049,179696241,0.00001048,75133610,0.00001047,25908730,0.00001046,82195248,0.00001045,26658785,0.00001044,25820620,0.00001043,108862358,0.00001054,54109486,0.00001055,58164434,0.00001056,280238962,0.00001057,58341778,0.00001058,58341778,0.00001059,25894754,0.0000106,76609242,0.00001061,78057395,0.00001062,68155263,0.00001063,28189239,0.00005,1774152000000
0,9,2,0.00001039,0.0000105,1.0587,1774137742123,0.00001053,1709401.00,0.00001052,22509398.00,0.00001051,34713666.00,0.00001050,542648978.00,0.00001049,1378405.00,0.00001048,96440.00,0.00001047,560217.00,0.00001046,14685387.00,0.00001045,150228066.00,0.00001043,4845752.00,0.00001056,10283000.00,0.00001057,10283000.00,0.00001058,26039760.00,0.00001059,20739329.00,0.00001060,45718748.00,0.00001061,40129295.00,0.00001062,21067548.00,0.00001063,21057601.00,0.00001065,96440.00,0.00001066,23330167.00,0.00001052,8164434,0.00001051,26522608,0.0000105,173332654,0.00001049,162331101,0.00001048,75133610,0.00001047,25908730,0.00001046,82195248,0.00001045,26658785,0.00001044,25820620,0.00001043,108862358,0.00001054,54109486,0.00001055,58164434,0.00001056,280238962,0.00001057,58341778,0.00001058,58341778,0.00001059,25894754,0.0000106,76609242,0.00001061,78057395,0.00001062,68155263,0.00001063,28189239,0.00005,1774152000000
0,9,2,0.00001039,0.0000105,1.0587,1774137742424,0.00001053,1709401.00,0.00001052,22509398.00,0.00001051,34713666.00,0.00001050,530256187.00,0.00001049,1378405.00,0.00001048,96440.00,0.00001047,12953008.00,0.00001046,14685387.00,0.00001045,150228066.00,0.00001043,4845752.00,0.00001056,10283000.00,0.00001057,10283000.00,0.00001058,26039760.00,0.00001059,53844269.00,0.00001060,44114045.00,0.00001061,40129295.00,0.00001062,21067548.00,0.00001063,21057601.00,0.00001065,96440.00,0.00001066,23330167.00,0.00001052,8164434,0.00001051,26522608,0.0000105,173332654,0.00001049,162331101,0.00001048,75133610,0.00001047,25908730,0.00001046,82195248,0.00001045,26658785,0.00001044,25820620,0.00001043,108862358,0.00001054,54109486,0.00001055,58164434,0.00001056,280238962,0.00001057,58341778,0.00001058,58341778,0.00001059,25894754,0.0000106,76609242,0.00001061,78057395,0.00001062,68155263,0.00001063,28189239,0.00005,
0,9,2,0.00001039,0.0000105,1.0587,1774137742725,0.00001053,2149491.00,0.00001052,22509398.00,0.00001051,40993399.00,0.00001050,530256187.00,0.00001049,1820339.00,0.00001048,96440.00,0.00001047,12953008.00,0.00001046,14685387.00,0.00001045,150228066.00,0.00001044,14357812.00,0.00001055,175296.00,0.00001056,10283000.00,0.00001057,10283000.00,0.00001058,28633027.00,0.00001059,53844269.00,0.00001060,43125481.00,0.00001061,40129295.00,0.00001062,21067548.00,0.00001063,21057601.00,0.00001065,96440.00,0.00001052,8164434,0.00001051,26522608,0.0000105,173332654,0.00001049,162331101,0.00001048,75133610,0.00001047,25908730,0.00001046,82195248,0.00001045,26658785,0.00001044,25820620,0.00001043,108862358,0.00001054,54109486,0.00001055,58164434,0.00001056,280238962,0.00001057,58341778,0.00001058,58341778,0.00001059,25894754,0.0000106,76609242,0.00001061,78057395,0.00001062,68155263,0.00001063,28189239,0.00005,1774152000000
0,9,2,0.00001039,0.00001051,1.155,1774137743025,0.00001054,5249769.00,0.00001053,2149491.00,0.00001052,22509398.00,0.00001051,40993399.00,0.00001050,530256187.00,0.00001049,1820339.00,0.00001048,96440.00,0.00001047,12953008.00,0.00001046,14685387.00,0.00001045,150228066.00,0.00001055,175296.00,0.00001056,10283000.00,0.00001057,10283000.00,0.00001058,28633027.00,0.00001059,53844269.00,0.00001060,41520778.00,0.00001061,40129295.00,0.00001062,21067548.00,0.00001063,21057601.00,0.00001065,189849759.00,0.00001052,8164434,0.00001051,26522608,0.0000105,173332654,0.00001049,162331101,0.00001048,75133610,0.00001047,25908730,0.00001046,82195248,0.00001045,26658785,0.00001044,25820620,0.00001043,108862358,0.00001054,54109486,0.00001055,58164434,0.00001056,280238962,0.00001057,58341778,0.00001058,58341778,0.00001059,25894754,0.0000106,76609242,0.00001061,78057395,0.00001062,68155263,0.00001063,28189239,0.00005,1774152000000
0,9,2,0.00001041,0.00001051,0.9606,1774137743326,0.00001054,5249769.00,0.00001053,2149491.00,0.00001052,22509398.00,0.00001051,40993399.00,0.00001050,530256187.00,0.00001049,1820339.00,0.00001048,96440.00,0.00001047,12953008.00,0.00001046,14685387.00,0.00001045,150228066.00,0.00001055,175296.00,0.00001056,10283000.00,0.00001057,16527087.00,0.00001058,26039760.00,0.00001059,53844269.00,0.00001060,43125481.00,0.00001061,40129295.00,0.00001062,21067548.00,0.00001063,21057601.00,0.00001065,189849759.00,0.00001052,8164434,0.00001051,26522608,0.0000105,173332654,0.00001049,162331101,0.00001048,75133610,0.00001047,25908730,0.00001046,82195248,0.00001045,26658785,0.00001044,25820620,0.00001043,108862358,0.00001054,54109486,0.00001055,58164434,0.00001056,280238962,0.00001057,58341778,0.00001058,58341778,0.00001059,25894754,0.0000106,76609242,0.00001061,78057395,0.00001062,68155263,0.00001063,28189239,0.00005,1774152000000
0,9,2,0.00001040,0.00001052,1.1538,1774137743626,0.00001054,5249769.00,0.00001053,1709401.00,0.00001052,22509398.00,0.00001051,40993399.00,0.00001050,530256187.00,0.00001049,1820339.00,0.00001048,96440.00,0.00001047,12953008.00,0.00001046,14685387.00,0.00001045,150228066.00,0.00001055,175296.00,0.00001056,10283000.00,0.00001057,16527087.00,0.00001058,26039760.00,0.00001059,53844269.00,0.00001060,44114045.00,0.00001061,40129295.00,0.00001062,21067548.00,0.00001063,21057601.00,0.00001065,189849759.00,0.00001052,8164434,0.00001051,26522608,0.0000105,173332654,0.00001049,162331101,0.00001048,75133610,0.00001047,25908730,0.00001046,82195248,0.00001045,26658785,0.00001044,75820620,0.00001043,108862358,0.00001054,54109486,0.00001055,58164434,0.00001056,280238962,0.00001057,58341778,0.00001058,58341778,0.00001059,25894754,0.0000106,76609242,0.00001061,78057395,0.00001062,68155263,0.00001063,28189239,0.00005,1774152000000
0,9,2,0.00001039,0.00001052,1.2512,1774137743927,0.00001055,23740487.00,0.00001054,5249769.00,0.00001053,17511809.00,0.00001052,22509398.00,0.00001051,40993399.00,0.00001050,530256187.00,0.00001049,1820339.00,0.00001048,96440.00,0.00001047,12953008.00,0.00001046,14685387.00,0.00001057,16527087.00,0.00001058,26039760.00,0.00001059,53844269.00,0.00001060,45718748.00,0.00001061,40129295.00,0.00001062,21067548.00,0.00001063,21057601.00,0.00001065,189849759.00,0.00001066,4776633.00,0.00001067,46358891.00,0.00001052,8164434,0.00001051,26522608,0.0000105,173332654,0.00001049,162331101,0.00001048,75133610,0.00001047,25908730,0.00001046,82195248,0.00001045,26658785,0.00001044,75820620,0.00001043,108862358,0.00001054,54109486,0.00001055,58164434,0.00001056,280238962,0.00001057,58341778,0.00001058,58341778,0.00001059,25894754,0.0000106,76609242,0.00001061,78057395,0.00001062,68155263,0.00001063,28189239,0.00005,1774152000000
0,9,2,0.00001039,0.00001052,1.2512,1774137744228,0.00001055,23740487.00,0.00001054,5249769.00,0.00001053,17511809.00,0.00001052,22509398.00,0.00001051,40993399.00,0.00001050,530256187.00,0.00001049,1820339.00,0.00001048,96440.00,0.00001047,12953008.00,0.00001046,14685387.00,0.00001057,16527087.00,0.00001058,32277945.00,0.00001059,53844269.00,0.00001060,41520778.00,0.00001061,40129295.00,0.00001062,25265518.00,0.00001063,34494253.00,0.00001065,189849759.00,0.00001066,4776633.00,0.00001067,46358891.00,0.00001052,8164434,0.00001051,26522608,0.0000105,173332654,0.00001049,162331101,0.00001048,75133610,0.00001047,25908730,0.00001046,82195248,0.00001045,26658785,0.00001044,75820620,0.00001043,108862358,0.00001054,54109486,0.00001055,58164434,0.00001056,280238962,0.00001057,58341778,0.00001058,58341778,0.00001059,25894754,0.0000106,76609242,0.00001061,78057395,0.00001062,68155263,0.00001063,28189239,0.00005,1774152000000
0,9,2,0.00001040,0.00001052,1.1538,1774137744528,0.00001055,176127.00,0.00001054,5249769.00,0.00001053,17511809.00,0.00001052,43656861.00,0.00001051,42499442.00,0.00001050,530256187.00,0.00001049,1820339.00,0.00001048,96440.00,0.00001047,12953008.00,0.00001046,14685387.00,0.00001056,10283000.00,0.00001057,16527087.00,0.00001058,32277945.00,0.00001059,53844269.00,0.00001060,41520778.00,0.00001061,40129295.00,0.00001062,25265518.00,0.00001063,34494253.00,0.00001065,189849759.00,0.00001066,4776633.00,0.00001052,8164434,0.00001051,26522608,0.0000105,173332654,0.00001049,162331101,0.00001048,75133610,0.00001047,25908730,0.00001046,82195248,0.00001045,26658785,0.00001044,75820620,0.00001043,108862358,0.00001054,54109486,0.00001055,58164434,0.00001056,280238962,0.00001057,58341778,0.00001058,58341778,0.00001059,25894754,0.0000106,76609242,0.00001061,78057395,0.00001062,68155263,0.00001063,28189239,0.00005,1774152000000
0,9,2,0.00001039,0.00001052,1.2512,1774137744828,0.00001055,176127.00,0.00001054,5249769.00,0.00001053,17511809.00,0.00001052,43656861.00,0.00001051,42499442.00,0.00001050,530256187.00,0.00001049,1820339.00,0.00001048,96440.00,0.00001047,12953008.00,0.00001046,14685387.00,0.00001056,10283000.00,0.00001057,16527087.00,0.00001058,32277945.00,0.00001059,53844269.00,0.00001060,41520778.00,0.00001061,44327265.00,0.00001062,21067548.00,0.00001063,34494253.00,0.00001065,189849759.00,0.00001066,4776633.00,0.00001052,8164434,0.00001051,26522608,0.0000105,173332654,0.00001049,162331101,0.00001048,75133610,0.00001047,25908730,0.00001046,82195248,0.00001045,26658785,0.00001044,75820620,0.00001043,108862358,0.00001054,54109486,0.00001055,58164434,0.00001056,280238962,0.00001057,58341778,0.00001058,58341778,0.00001059,25894754,0.0000106,76609242,0.00001061,78057395,0.00001062,68155263,0.00001063,28189239,0.00005,1774152000000
0,9,2,0.00001039,0.00001052,1.2512,1774137745129,0.00001055,176127.00,0.00001054,5249769.00,0.00001053,17511809.00,0.00001052,43656861.00,0.00001051,42499442.00,0.00001050,530256187.00,0.00001049,1820339.00,0.00001048,96440.00,0.00001047,12953008.00,0.00001046,14685387.00,0.00001056,10283000.00,0.00001057,16527087.00,0.00001058,32277945.00,0.00001059,53844269.00,0.00001060,41520778.00,0.00001061,44327265.00,0.00001062,21067548.00,0.00001063,34494253.00,0.00001065,189849759.00,0.00001066,4776633.00,0.00001052,8164434,0.00001051,26522608,0.0000105,173332654,0.00001049,162331101,0.00001048,75133610,0.00001047,25908730,0.00001046,82195248,0.00001045,26658785,0.00001044,75820620,0.00001043,108862358,0.00001054,54109486,0.00001055,58164434,0.00001056,280238962,0.00001057,58341778,0.00001058,58341778,0.00001059,25894754,0.0000106,76609242,0.00001061,78057395,0.00001062,68155263,0.00001063,28189239,0.00005,1774152000000
0,9,2,0.00001042,0.00001052,0.9597,1774137745430,0.00001055,6588127.00,0.00001053,17511809.00,0.00001052,43656861.00,0.00001051,40993399.00,0.00001050,530256187.00,0.00001049,1820339.00,0.00001048,96440.00,0.00001047,41038369.00,0.00001046,14685387.00,0.00001045,150228066.00,0.00001057,16527087.00,0.00001058,32277945.00,0.00001059,53844269.00,0.00001060,41520778.00,0.00001061,41733998.00,0.00001062,21067548.00,0.00001063,34494253.00,0.00001065,189849759.00,0.00001066,4776633.00,0.00001067,46358891.00,0.00001052,8164434,0.00001051,26522608,0.0000105,173332654,0.00001049,162331101,0.00001048,75133610,0.00001047,25908730,0.00001046,82195248,0.00001045,26658785,0.00001044,75820620,0.00001043,108862358,0.00001054,54109486,0.00001055,58164434,0.00001056,280238962,0.00001057,58341778,0.00001058,58341778,0.00001059,25894754,0.0000106,76609242,0.00001061,78057395,0.00001062,68155263,0.00001063,28189239,0.00005,1774152000000
0,9,2,0.00001042,0.00001054,1.1516,1774137745731,0.00001055,7027384.00,0.00001053,17511809.00,0.00001052,43656861.00,0.00001051,40993399.00,0.00001050,530256187.00,0.00001049,1820339.00,0.00001048,96440.00,0.00001047,41038369.00,0.00001046,14685387.00,0.00001045,150228066.00,0.00001057,16527087.00,0.00001058,32277945.00,0.00001059,53844269.00,0.00001060,41520778.00,0.00001061,40129295.00,0.00001062,25265518.00,0.00001063,34494253.00,0.00001065,213639444.00,0.00001066,4776633.00,0.00001067,46358891.00,0.00001052,8164434,0.00001051,26522608,0.0000105,173332654,0.00001049,162331101,0.00001048,75133610,0.00001047,25908730,0.00001046,82195248,0.00001045,26658785,0.00001044,75820620,0.00001043,108862358,0.00001054,54109486,0.00001055,58164434,0.00001056,280238962,0.00001057,58341778,0.00001058,58341778,0.00001059,25894754,0.0000106,76609242,0.00001061,78057395,0.00001062,68155263,0.00001063,28189239,0.00005,1774152000000
0,9,2,0.00001043,0.00001053,0.9588,1774137746032,0.00001055,7027384.00,0.00001053,17511809.00,0.00001052,43656861.00,0.00001051,40993399.00,0.00001050,530256187.00,0.00001049,1820339.00,0.00001048,96440.00,0.00001047,41038369.00,0.00001046,14685387.00,0.00001045,150228066.00,0.00001057,16527087.00,0.00001058,32277945.00,0.00001059,53844269.00,0.00001060,41520778.00,0.00001061,40129295.00,0.00001062,25265518.00,0.00001063,34494253.00,0.00001065,213639444.00,0.00001066,4776633.00,0.00001067,46358891.00,0.00001052,8164434,0.00001051,26522608,0.0000105,173332654,0.00001049,162331101,0.00001048,75133610,0.00001047,25908730,0.00001046,82195248,0.00001045,26658785,0.00001044,75820620,0.00001043,108862358,0.00001054,53764242,0.00001055,58164434,0.00001056,280238962,0.00001057,58341778,0.00001058,58341778,0.00001059,25894754,0.0000106,76609242,0.00001061,78057395,0.00001062,68155263,0.00001063,28189239,0.00005,1774152000000
0,9,2,0.00001043,0.00001053,0.9588,1774137746332,0.00001055,7027384.00,0.00001053,17511809.00,0.00001052,43656861.00,0.00001051,40993399.00,0.00001050,530256187.00,0.00001049,1820339.00,0.00001048,96440.00,0.00001047,41038369.00,0.00001046,14685387.00,0.00001045,150228066.00,0.00001057,16527087.00,0.00001058,32277945.00,0.00001059,53844269.00,0.00001060,41520778.00,0.00001061,40129295.00,0.00001062,23660815.00,0.00001063,34494253.00,0.00001065,213639444.00,0.00001066,4776633.00,0.00001067,46358891.00,0.00001052,8164434,0.00001051,26522608,0.0000105,173332654,0.00001049,162331101,0.00001048,75133610,0.00001047,25908730,0.00001046,82195248,0.00001045,26658785,0.00001044,75820620,0.00001043,108862358,0.00001053,345244,0.00001054,53764242,0.00001055,58164434,0.00001056,280238962,0.00001057,58341778,0.00001058,58341778,0.00001059,25894754,0.0000106,76609242,0.00001061,78057395,0.00001062,68155263,0.00005,1774152000000
0,9,2,0.00001043,0.00001053,0.9588,1774137746633,0.00001056,7249000.00,0.00001055,615384.00,0.00001054,16045325.00,0.00001053,35866187.00,0.00001052,43656861.00,0.00001051,22604093.00,0.00001050,530256187.00,0.00001049,1820339.00,0.00001048,96440.00,0.00001047,41038369.00,0.00001057,6244087.00,0.00001058,16521185.00,0.00001059,32786668.00,0.00001060,41520778.00,0.00001061,40129295.00,0.00001062,44624853.00,0.00001063,34494253.00,0.00001065,213639444.00,0.00001066,4776633.00,0.00001067,46358891.00,0.00001052,8164434,0.00001051,26522608,0.0000105,173332654,0.00001049,162331101,0.00001048,75133610,0.00001047,25908730,0.00001046,82195248,0.00001045,26658785,0.00001044,75820620,0.00001043,108862358,0.00001053,345244,0.00001054,53764242,0.00001055,58164434,0.00001056,280238962,0.00001057,58341778,0.00001058,58341778,0.00001059,25894754,0.0000106,76609242,0.00001061,78057395,0.00001062,68155263,0.00005,1774152000000
0,9,2,0.00001043,0.00001052,0.8629,1774137746933,0.00001056,7863635.00,0.00001054,17548518.00,0.00001053,35866187.00,0.00001052,43656861.00,0.00001051,22604093.00,0.00001050,530256187.00,0.00001049,1820339.00,0.00001048,96440.00,0.00001047,41038369.00,0.00001046,14685387.00,0.00001058,16521185.00,0.00001059,39018962.00,0.00001060,41520778.00,0.00001061,40129295.00,0.00001062,40426883.00,0.00001063,34494253.00,0.00001064,2593267.00,0.00001065,213639444.00,0.00001066,4776633.00,0.00001067,46358891.00,0.00001052,8164434,0.00001051,26522608,0.0000105,173332654,0.00001049,162331101,0.00001048,75133610,0.00001047,25908730,0.00001046,82195248,0.00001045,26658785,0.00001044,75820620,0.00001043,108862358,0.00001053,345244,0.00001054,53764242,0.00001055,58164434,0.00001056,280238962,0.00001057,58341778,0.00001058,58341778,0.00001059,25894754,0.0000106,76609242,0.00001061,78057395,0.00001062,68155263,0.00005,1774152000000
0,9,2,0.00001042,0.00001052,0.9597,1774137747234,0.00001056,7863635.00,0.00001054,17548518.00,0.00001053,35866187.00,0.00001052,43656861.00,0.00001051,22604093.00,0.00001050,530256187.00,0.00001049,1820339.00,0.00001048,96440.00,0.00001047,41038369.00,0.00001046,14685387.00,0.00001058,16521185.00,0.00001059,39018962.00,0.00001060,41520778.00,0.00001061,40129295.00,0.00001062,40426883.00,0.00001063,34494253.00,0.00001064,4197970.00,0.00001065,213639444.00,0.00001066,4776633.00,0.00001067,46358891.00,0.00001052,8164434,0.00001051,26522608,0.0000105,173332654,0.00001049,162331101,0.00001048,75133610,0.00001047,25908730,0.00001046,82195248,0.00001045,26658785,0.00001044,75820620,0.00001043,108862358,0.00001053,345244,0.00001054,53764242,0.00001055,58164434,0.00001056,280238962,0.00001057,58341778,0.00001058,58341778,0.00001059,25894754,0.0000106,76609242,0.00001061,78057395,0.00001062,68155263,0.00005,1774152000000
0,9,2,0.00001042,0.00001051,0.8637,1774137747535,0.00001055,614635.00,0.00001054,17548518.00,0.00001053,35866187.00,0.00001052,43656861.00,0.00001051,22604093.00,0.00001050,530256187.00,0.00001049,1820339.00,0.00001048,96440.00,0.00001047,41038369.00,0.00001046,14685387.00,0.00001057,10283000.00,0.00001058,16521185.00,0.00001059,39018962.00,0.00001060,41520778.00,0.00001061,40129295.00,0.00001062,44624853.00,0.00001063,34494253.00,0.00001065,213639444.00,0.00001066,4776633.00,0.00001067,46358891.00,0.00001052,8164434,0.00001051,26522608,0.0000105,173332654,0.00001049,162331101,0.00001048,75133610,0.00001047,25908730,0.00001046,82195248,0.00001045,26658785,0.00001044,75820620,0.00001043,108862358,0.00001053,345244,0.00001054,53764242,0.00001055,58164434,0.00001056,280238962,0.00001057,58341778,0.00001058,58341778,0.00001059,25894754,0.0000106,76609242,0.00001061,78057395,0.00001062,68155263,0.00005,1774152000000
0,9,2,0.00001042,0.00001049,0.6718,1774137747835,0.00001055,614635.00,0.00001054,17548518.00,0.00001053,35866187.00,0.00001052,43656861.00,0.00001051,22604093.00,0.00001050,530256187.00,0.00001049,1820339.00,0.00001048,96440.00,0.00001047,41038369.00,0.00001046,14685387.00,0.00001057,10283000.00,0.00001058,16521185.00,0.00001059,39018962.00,0.00001060,41520778.00,0.00001061,40129295.00,0.00001062,44624853.00,0.00001063,34494253.00,0.00001065,213639444.00,0.00001066,4776633.00,0.00001067,46358891.00,0.00001052,8164434,0.00001051,26522608,0.0000105,173332654,0.00001049,162331101,0.00001048,75133610,0.00001047,25908730,0.00001046,82195248,0.00001045,26658785,0.00001044,75820620,0.00001043,108862358,0.00001053,345244,0.00001054,53764242,0.00001055,58164434,0.00001056,280238962,0.00001057,58341778,0.00001058,58341778,0.00001059,25894754,0.0000106,76609242,0.00001061,78057395,0.00001062,68155263,0.00005,1774152000000
0,9,2,0.00001043,0.00001049,0.5753,1774137748135,0.00001055,7863635.00,0.00001054,16045325.00,0.00001053,35866187.00,0.00001052,43656861.00,0.00001051,22604093.00,0.00001050,530256187.00,0.00001049,1820339.00,0.00001048,96440.00,0.00001047,41038369.00,0.00001046,14685387.00,0.00001057,10283000.00,0.00001058,16521185.00,0.00001059,39018962.00,0.00001060,41520778.00,0.00001061,40129295.00,0.00001062,44624853.00,0.00001063,34494253.00,0.00001065,213639444.00,0.00001066,4776633.00,0.00001067,46358891.00,0.00001052,8164434,0.00001051,26522608,0.0000105,173332654,0.00001049,162331101,0.00001048,75133610,0.00001047,25908730,0.00001046,82195248,0.00001045,26658785,0.00001044,75820620,0.00001043,108862358,0.00001053,345244,0.00001054,53764242,0.00001055,58164434,0.00001056,280238962,0.00001057,58341778,0.00001058,58341778,0.00001059,25894754,0.0000106,76609242,0.00001061,78057395,0.00001062,68155263,0.00005,1774152000000
0,9,2,0.00001043,0.00001049,0.5753,1774137748436,0.00001056,7249000.00,0.00001055,614635.00,0.00001054,16045325.00,0.00001053,35866187.00,0.00001052,43656861.00,0.00001051,22604093.00,0.00001050,530256187.00,0.00001049,1820339.00,0.00001048,96440.00,0.00001047,41038369.00,0.00001058,16521185.00,0.00001059,39018962.00,0.00001060,41520778.00,0.00001061,40129295.00,0.00001062,44624853.00,0.00001063,34494253.00,0.00001065,213639444.00,0.00001066,4776633.00,0.00001067,46358891.00,0.00001069,33967351.00,0.00001054,8164434,0.00001053,170939069,0.00001052,25799060,0.00001051,129105201,0.0000105,173332654,0.00001049,76126864,0.00001048,75133610,0.00001047,25908730,0.00001046,82195248,0.00001045,26658785,0.00001056,222074528,0.00001057,152000289,0.00001058,58341778,0.00001059,8341778,0.0000106,76609242,0.00001061,78057395,0.00001062,68155263,0.00001063,28189239,0.00001064,26402337,0.00001065,17126789,0.00005,1774152000000
0,9,2,0.00001047,0.00001049,0.191,1774137748737,0.00001053,15802408.00,0.00001052,43656861.00,0.00001051,22604093.00,0.00001050,530256187.00,0.00001049,1820339.00,0.00001048,12611040.00,0.00001047,28645578.00,0.00001046,14685387.00,0.00001045,339532372.00,0.00001044,14357812.00,0.00001057,14261560.00,0.00001058,16521185.00,0.00001059,37410637.00,0.00001060,41520778.00,0.00001061,40129295.00,0.00001062,40426883.00,0.00001063,34494253.00,0.00001064,4197970.00,0.00001065,213639444.00,0.00001066,4776633.00,0.00001054,8164434,0.00001053,170939069,0.00001052,25799060,0.00001051,129105201,0.0000105,173332654,0.00001049,76126864,0.00001048,75133610,0.00001047,25908730,0.00001046,82195248,0.00001045,26658785,0.00001056,222074528,0.00001057,152000289,0.00001058,58341778,0.00001059,8341778,0.0000106,76609242,0.00001061,78057395,0.00001062,68155263,0.00001063,28189239,0.00001064,26402337,0.00001065,17126789,0.00005,1774152000000
0,9,2,0.00001048,0.00001052,0.3817,1774137749038,0.00001053,15802408.00,0.00001052,43656861.00,0.00001051,22604093.00,0.00001050,530256187.00,0.00001049,1820339.00,0.00001048,12611040.00,0.00001047,28645578.00,0.00001046,14685387.00,0.00001045,339532372.00,0.00001044,14357812.00,0.00001055,11038801.00,0.00001056,10897635.00,0.00001057,13505759.00,0.00001058,33413423.00,0.00001059,37410637.00,0.00001060,41520778.00,0.00001061,40129295.00,0.00001062,21067548.00,0.00001063,34494253.00,0.00001064,2593267.00,0.00001054,112331101,0.00001053,170939069,0.00001052,25799060,0.00001051,129105201,0.0000105,173332654,0.00001049,76126864,0.00001048,75133610,0.00001047,25908730,0.00001046,82195248,0.00001045,26658785,0.00001056,222074528,0.00001057,152000289,0.00001058,58341778,0.00001059,8341778,0.0000106,76609242,0.00001061,78057395,0.00001062,68155263,0.00001063,28189239,0.00001064,26402337,0.00001065,17126789,0.00005,1774152000000
0,9,2,0.00001050,0.00001052,0.1905,1774137749338,0.00001053,15802408.00,0.00001052,43656861.00,0.00001051,22604093.00,0.00001050,530256187.00,0.00001049,1820339.00,0.00001048,12611040.00,0.00001047,28645578.00,0.00001046,14685387.00,0.00001045,339532372.00,0.00001044,14357812.00,0.00001055,11038801.00,0.00001056,10721841.00,0.00001057,13505759.00,0.00001058,37611393.00,0.00001059,37410637.00,0.00001060,41520778.00,0.00001061,40129295.00,0.00001062,21067548.00,0.00001063,300128473.00,0.00001065,213639444.00,0.00001054,8164434,0.00001053,170939069,0.00001052,8164434,0.00001051,129105201,0.0000105,173332654,0.00001049,76126864,0.00001048,75133610,0.00001047,25908730,0.00001046,82195248,0.00001045,26658785,0.00001056,272074528,0.00001057,152000289,0.00001058,58341778,0.00001059,8341778,0.0000106,76609242,0.00001061,78057395,0.00001062,68155263,0.00001063,28189239,0.00001064,76402337,0.00001065,17126789,0.00005,1774152000000
0,9,2,0.00001049,0.00001052,0.286,1774137749638,0.00001053,15802408.00,0.00001052,43656861.00,0.00001051,22604093.00,0.00001050,530256187.00,0.00001049,1820339.00,0.00001048,12611040.00,0.00001047,28645578.00,0.00001046,14685387.00,0.00001045,339532372.00,0.00001044,14357812.00,0.00001055,11653436.00,0.00001056,10283000.00,0.00001057,13505759.00,0.00001058,37611393.00,0.00001059,37410637.00,0.00001060,41520778.00,0.00001061,40129295.00,0.00001062,21067548.00,0.00001063,300128473.00,0.00001065,213639444.00,0.00001054,8164434,0.00001053,170939069,0.00001052,8164434,0.00001051,129105201,0.0000105,173332654,0.00001049,76126864,0.00001048,75133610,0.00001047,25908730,0.00001046,82195248,0.00001045,26658785,0.00001056,272074528,0.00001057,152000289,0.00001058,58341778,0.00001059,8341778,0.0000106,76609242,0.00001061,78057395,0.00001062,68155263,0.00001063,28189239,0.00001064,76402337,0.00001065,17126789,0.00005,1774152000000
0,9,2,0.00001049,0.00001052,0.286,1774137749939,0.00001052,43656861.00,0.00001051,22604093.00,0.00001050,530256187.00,0.00001049,1820339.00,0.00001048,12611040.00,0.00001047,28645578.00,0.00001046,2336153.00,0.00001045,339532372.00,0.00001043,17123127.00,0.00001042,38488993.00,0.00001054,10283000.00,0.00001055,11477642.00,0.00001056,16533000.00,0.00001057,30856208.00,0.00001058,59804638.00,0.00001059,37410637.00,0.00001060,16673362.00,0.00001061,21067548.00,0.00001062,21067548.00,0.00001063,300128473.00,0.00001054,8164434,0.00001053,170939069,0.00001052,8164434,0.00001051,129105201,0.0000105,173332654,0.00001049,76126864,0.00001048,75133610,0.00001047,25908730,0.00001046,82195248,0.00001045,26658785,0.00001056,222074528,0.00001057,152000289,0.00001058,58341778,0.00001059,8341778,0.0000106,76609242,0.00001061,78057395,0.00001062,68155263,0.00001063,28189239,0.00001064,76402337,0.00001065,17126789,0.00005,1774152000000
0,9,2,0.00001050,0.00001052,0.1905,1774137750240,0.00001051,6814036.00,0.00001050,530256187.00,0.00001049,22917784.00,0.00001048,12611040.00,0.00001047,28645578.00,0.00001046,2336153.00,0.00001045,339532372.00,0.00001043,17123127.00,0.00001042,38488993.00,0.00001041,960614.00,0.00001053,14457604.00,0.00001054,10458794.00,0.00001055,27486476.00,0.00001056,35422101.00,0.00001057,33449475.00,0.00001058,58091124.00,0.00001059,37410637.00,0.00001060,16673362.00,0.00001061,21067548.00,0.00001062,21067548.00,0.00001054,8164434,0.00001053,170939069,0.00001052,8164434,0.00001051,129105201,0.0000105,173332654,0.00001049,76126864,0.00001048,75133610,0.00001047,25908730,0.00001046,82195248,0.00001045,26658785,0.00001056,222074528,0.00001057,152000289,0.00001058,58341778,0.00001059,8341778,0.0000106,76609242,0.00001061,78057395,0.00001062,68155263,0.00001063,28189239,0.00001064,76402337,0.00001065,17126789,0.00005,1774152000000
0,9,2,0.00001050,0.00001052,0.1905,1774137750540,0.00001051,534303.00,0.00001050,530256187.00,0.00001049,22917784.00,0.00001048,96440.00,0.00001047,28645578.00,0.00001046,14363518.00,0.00001045,339532372.00,0.00001043,17123127.00,0.00001042,38488993.00,0.00001041,960614.00,0.00001052,10283000.00,0.00001053,14457604.00,0.00001054,10283000.00,0.00001055,27047635.00,0.00001056,35422101.00,0.00001057,91915499.00,0.00001058,54510868.00,0.00001059,6232294.00,0.00001060,16673362.00,0.00001061,21067548.00,0.00001053,120939069,0.00001052,8164434,0.00001051,129105201,0.0000105,173332654,0.00001049,76126864,0.00001048,75133610,0.00001047,25908730,0.00001046,82195248,0.00001045,26658785,0.00001044,75820620,0.00001055,50633488,0.00001056,222074528,0.00001057,160154341,0.00001058,58341778,0.00001059,8341778,0.0000106,76609242,0.00001061,78057395,0.00001062,68155263,0.00001063,28189239,0.00001064,76402337,0.00005,1774152000000
0,9,2,0.00001050,0.00001052,0.1905,1774137750841,0.00001051,534303.00,0.00001050,530256187.00,0.00001049,29209490.00,0.00001048,96440.00,0.00001047,28645578.00,0.00001046,14363518.00,0.00001045,339532372.00,0.00001043,17123127.00,0.00001042,38488993.00,0.00001041,960614.00,0.00001052,10458794.00,0.00001053,14457604.00,0.00001054,10283000.00,0.00001055,27047635.00,0.00001056,36504156.00,0.00001057,91915499.00,0.00001058,54510868.00,0.00001059,24256117.00,0.00001060,16673362.00,0.00001061,21067548.00,0.00001053,120939069,0.00001052,8164434,0.00001051,129105201,0.0000105,173332654,0.00001049,76126864,0.00001048,75133610,0.00001047,25908730,0.00001046,82195248,0.00001045,26658785,0.00001044,75820620,0.00001055,50633488,0.00001056,222074528,0.00001057,160154341,0.00001058,58341778,0.00001059,8341778,0.0000106,76609242,0.00001061,78057395,0.00001062,68155263,0.00001063,28189239,0.00001064,76402337,0.00005,1774152000000
0,9,2,0.00001050,0.00001053,0.2857,1774137751142,0.00001049,28767556.00,0.00001048,96440.00,0.00001047,28645578.00,0.00001046,22412101.00,0.00001045,150228066.00,0.00001043,4845752.00,0.00001042,24103622.00,0.00001041,12998459.00,0.00001040,81310059.00,0.00001038,396219.00,0.00001050,13701803.00,0.00001051,11038801.00,0.00001052,16822655.00,0.00001053,28068263.00,0.00001054,45285723.00,0.00001055,27047635.00,0.00001056,27825859.00,0.00001057,67761376.00,0.00001058,44227868.00,0.00001059,6232294.00,0.00001053,120939069,0.00001052,8164434,0.00001051,129105201,0.0000105,173332654,0.00001049,76126864,0.00001048,75133610,0.00001047,25908730,0.00001046,82195248,0.00001045,26658785,0.00001044,75820620,0.00001055,50633488,0.00001056,222074528,0.00001057,160154341,0.00001058,58341778,0.00001059,8341778,0.0000106,76609242,0.00001061,78057395,0.00001062,68155263,0.00001063,28189239,0.00001064,76402337,0.00005,1774152000000
0,9,2,0.00001050,0.00001053,0.2857,1774137751443,0.00001041,13761319.00,0.00001040,70395615.00,0.00001039,19149672.00,0.00001038,16551119.00,0.00001037,22868135.00,0.00001036,23887492.00,0.00001035,24813411.00,0.00001034,18055750.00,0.00001033,24275638.00,0.00001032,15972862.00,0.00001043,25852331.00,0.00001044,350867389.00,0.00001045,6315789.00,0.00001046,51184453.00,0.00001047,28645578.00,0.00001048,11365055.00,0.00001049,31380445.00,0.00001050,10283000.00,0.00001051,10283000.00,0.00001052,577960.00,0.00001053,120939069,0.00001052,8164434,0.00001051,129105201,0.0000105,173332654,0.00001049,76126864,0.00001048,75133610,0.00001047,25908730,0.00001046,82195248,0.00001045,26658785,0.00001044,75820620,0.00001055,50633488,0.00001056,222074528,0.00001057,160154341,0.00001058,58341778,0.00001059,8341778,0.0000106,76609242,0.00001061,78057395,0.00001062,68155263,0.00001063,28189239,0.00001064,76402337,0.00005,1774152000000
0,9,2,0.00001050,0.00001053,0.2857,1774137751744,0.00001041,10574222.00,0.00001040,70395615.00,0.00001038,16454779.00,0.00001037,22868135.00,0.00001036,23887492.00,0.00001035,24813411.00,0.00001034,18055750.00,0.00001033,40950555.00,0.00001032,15972862.00,0.00001031,24249775.00,0.00001043,36574172.00,0.00001044,350867389.00,0.00001045,6315789.00,0.00001046,3222759.00,0.00001048,14480970.00,0.00001049,26381648.00,0.00001050,27439374.00,0.00001051,10283000.00,0.00001052,577960.00,0.00001053,10714557.00,0.00001053,120939069,0.00001052,8164434,0.00001051,129105201,0.0000105,173332654,0.00001049,76126864,0.00001048,75133610,0.00001047,25908730,0.00001046,82195248,0.00001045,76658785,0.00001044,75820620,0.00001055,50633488,0.00001056,222074528,0.00001057,160154341,0.00001058,58341778,0.00001059,8341778,0.0000106,76609242,0.00001061,78057395,0.00001062,68155263,0.00001063,78189239,0.00001064,76402337,0.00005,1774152000000
0,9,2,0.00001050,0.00001053,0.2857,1774137752045,0.00001038,14047749.00,0.00001037,675024.00,0.00001036,23887492.00,0.00001035,24813411.00,0.00001034,560217.00,0.00001033,24275638.00,0.00001032,15972862.00,0.00001031,45749225.00,0.00001030,73608778.00,0.00001029,258538.00,0.00001041,33372284.00,0.00001042,37928881.00,0.00001043,40813215.00,0.00001044,339142004.00,0.00001045,6315789.00,0.00001046,3222759.00,0.00001047,15986299.00,0.00001048,29643833.00,0.00001049,47782799.00,0.00001050,21933007.00,0.00001053,120939069,0.00001052,8164434,0.00001051,129105201,0.0000105,173332654,0.00001049,76126864,0.00001048,75133610,0.00001047,25908730,0.00001046,82195248,0.00001045,76658785,0.00001044,75820620,0.00001055,50633488,0.00001056,222074528,0.00001057,160154341,0.00001058,58341778,0.00001059,8341778,0.0000106,76609242,0.00001061,78057395,0.00001062,76309315,0.00001063,78189239,0.00001064,76402337,0.00005,1774152000000
0,9,2,0.00001050,0.00001053,0.2857,1774137752345,0.00001038,178667.00,0.00001037,4139894.00,0.00001036,23043444.00,0.00001035,22816269.00,0.00001034,20112616.00,0.00001033,47673564.00,0.00001032,15972862.00,0.00001031,45749225.00,0.00001030,89836532.00,0.00001029,16504554.00,0.00001040,35935279.00,0.00001041,13739553.00,0.00001042,22840026.00,0.00001043,76251850.00,0.00001044,339142004.00,0.00001045,6315789.00,0.00001046,3222759.00,0.00001047,192585459.00,0.00001048,31780591.00,0.00001049,31684151.00,0.00001053,120939069,0.00001052,8164434,0.00001051,129105201,0.0000105,173332654,0.00001049,76126864,0.00001048,75133610,0.00001047,25908730,0.00001046,82195248,0.00001045,76658785,0.00001044,75820620,0.00001055,50633488,0.00001056,222074528,0.00001057,160154341,0.00001058,58341778,0.00001059,8341778,0.0000106,76609242,0.00001061,78057395,0.00001062,76309315,0.00001063,78189239,0.00001064,76402337,0.00005,1774152000000
0,9,2,0.00001050,0.00001053,0.2857,1774137752645,0.00001038,178667.00,0.00001037,23028179.00,0.00001036,23043444.00,0.00001035,22816269.00,0.00001034,20112616.00,0.00001033,47673564.00,0.00001032,15972862.00,0.00001031,57420327.00,0.00001030,89836532.00,0.00001029,16504554.00,0.00001039,10283000.00,0.00001040,34282829.00,0.00001041,13739553.00,0.00001042,25671295.00,0.00001043,76251850.00,0.00001044,339142004.00,0.00001045,198808570.00,0.00001046,3222759.00,0.00001047,21401151.00,0.00001048,31780591.00,0.00001053,120939069,0.00001052,8164434,0.00001051,129105201,0.0000105,173332654,0.00001049,76126864,0.00001048,75133610,0.00001047,25908730,0.00001046,82195248,0.00001045,76658785,0.00001044,75820620,0.00001055,50633488,0.00001056,222074528,0.00001057,160154341,0.00001058,58341778,0.00001059,8341778,0.0000106,76609242,0.00001061,78057395,0.00001062,76309315,0.00001063,78189239,0.00001064,76402337,0.00005,1774152000000
0,9,2,0.00001050,0.00001053,0.2857,1774137752946,0.00001037,24997337.00,0.00001036,3468208.00,0.00001035,22816269.00,0.00001034,20112616.00,0.00001033,23514530.00,0.00001032,15972862.00,0.00001031,57392816.00,0.00001030,89836532.00,0.00001029,16504554.00,0.00001028,18102016.00,0.00001039,13747870.00,0.00001040,34282829.00,0.00001041,31744114.00,0.00001042,25671295.00,0.00001043,76251850.00,0.00001044,339142004.00,0.00001045,198808570.00,0.00001046,3222759.00,0.00001047,21401151.00,0.00001048,31780591.00,0.00001053,120939069,0.00001052,8164434,0.00001051,129105201,0.0000105,173332654,0.00001049,76126864,0.00001048,75133610,0.00001047,25908730,0.00001046,82195248,0.00001045,76658785,0.00001044,75820620,0.00001055,50633488,0.00001056,222074528,0.00001057,160154341,0.00001058,58341778,0.00001059,8341778,0.0000106,76609242,0.00001061,78057395,0.00001062,76309315,0.00001063,78189239,0.00001064,76402337,0.00005,1774152000000
0,9,2,0.00001052,0.00001053,0.0951,1774137753246,0.00001035,925919.00,0.00001034,560217.00,0.00001033,116604.00,0.00001032,15972862.00,0.00001031,45749225.00,0.00001030,89836532.00,0.00001029,16504554.00,0.00001028,18102016.00,0.00001027,34159720.00,0.00001026,68198577.00,0.00001036,19782299.00,0.00001037,23250507.00,0.00001038,13739553.00,0.00001039,42920334.00,0.00001040,43146406.00,0.00001041,28287561.00,0.00001042,22840026.00,0.00001043,76251850.00,0.00001044,328859004.00,0.00001045,198808570.00,0.00001053,120939069,0.00001052,8164434,0.00001051,129105201,0.0000105,173332654,0.00001049,76126864,0.00001048,75133610,0.00001047,25908730,0.00001046,82195248,0.00001045,76658785,0.00001044,75820620,0.00001055,50633488,0.00001056,222074528,0.00001057,160154341,0.00001058,58341778,0.00001059,8341778,0.0000106,76609242,0.00001061,78057395,0.00001062,76309315,0.00001063,78189239,0.00001064,76402337,0.00005,1774152000000
0,9,2,0.00001051,0.00001053,0.1903,1774137753547,0.00001035,4834919.00,0.00001034,560217.00,0.00001033,116604.00,0.00001032,22368210.00,0.00001031,45749225.00,0.00001030,89836532.00,0.00001029,16504554.00,0.00001028,18102016.00,0.00001027,34159720.00,0.00001026,68198577.00,0.00001037,25190142.00,0.00001038,13739553.00,0.00001039,42741667.00,0.00001040,30484930.00,0.00001041,28287561.00,0.00001042,22840026.00,0.00001043,28151739.00,0.00001044,328859004.00,0.00001045,198808570.00,0.00001047,21401151.00,0.00001053,120939069,0.00001052,8164434,0.00001051,129105201,0.0000105,173332654,0.00001049,76126864,0.00001048,75133610,0.00001047,25908730,0.00001046,82195248,0.00001045,76658785,0.00001044,75820620,0.00001055,50000000,0.00001056,222074528,0.00001057,160154341,0.00001058,58341778,0.00001059,8341778,0.0000106,76609242,0.00001061,78057395,0.00001062,76309315,0.00001063,78189239,0.00001064,76402337,0.00005,1774152000000
0,9,2,0.00001051,0.00001053,0.1903,1774137753847,0.00001036,3909000.00,0.00001035,925919.00,0.00001034,560217.00,0.00001033,16971966.00,0.00001032,22368210.00,0.00001031,45749225.00,0.00001030,89836532.00,0.00001029,28120633.00,0.00001028,18102016.00,0.00001027,22554645.00,0.00001037,12840143.00,0.00001038,13739553.00,0.00001039,42741667.00,0.00001040,30484930.00,0.00001041,28287561.00,0.00001042,22840026.00,0.00001043,28151739.00,0.00001044,328859004.00,0.00001045,198808570.00,0.00001047,21401151.00,0.00001052,162331101,0.00001051,129105201,0.0000105,155295535,0.00001049,76126864,0.00001048,75133610,0.00001047,25908730,0.00001046,82195248,0.00001045,76658785,0.00001044,75820620,0.00001043,108862358,0.00001054,531680,0.00001055,50000000,0.00001056,222074528,0.00001057,160154341,0.00001058,58341778,0.00001059,8341778,0.0000106,76609242,0.00001061,78057395,0.00001062,76309315,0.00001063,78189239,0.00005,1774152000000
0,9,2,0.00001051,0.00001053,0.1903,1774137754149,0.00001037,178839.00,0.00001036,3909000.00,0.00001035,2661695.00,0.00001034,27160326.00,0.00001033,16971966.00,0.00001032,22368210.00,0.00001031,45749225.00,0.00001030,89836532.00,0.00001029,28120633.00,0.00001028,18102016.00,0.00001039,43231732.00,0.00001040,30484930.00,0.00001041,28287561.00,0.00001042,26062785.00,0.00001043,28151739.00,0.00001044,328859004.00,0.00001045,198808570.00,0.00001047,21401151.00,0.00001048,21497591.00,0.00001049,21401151.00,0.00001052,162331101,0.00001051,129105201,0.0000105,155295535,0.00001049,76126864,0.00001048,75133610,0.00001047,25908730,0.00001046,82195248,0.00001045,76658785,0.00001044,75820620,0.00001043,108862358,0.00001054,531680,0.00001055,50000000,0.00001056,222074528,0.00001057,160154341,0.00001058,58341778,0.00001059,8341778,0.0000106,76609242,0.00001061,78057395,0.00001062,76309315,0.00001063,78189239,0.00005,1774152000000
0,9,2,0.00001051,0.00001053,0.1903,1774137754449,0.00001038,10461839.00,0.00001037,10729444.00,0.00001035,2661695.00,0.00001034,27160326.00,0.00001033,16971966.00,0.00001032,15972862.00,0.00001031,45749225.00,0.00001030,89836532.00,0.00001029,28120633.00,0.00001028,18102016.00,0.00001039,12222635.00,0.00001040,41675602.00,0.00001041,28287561.00,0.00001042,26062785.00,0.00001043,28151739.00,0.00001044,328859004.00,0.00001045,198808570.00,0.00001047,21401151.00,0.00001048,21497591.00,0.00001049,21401151.00,0.00001052,112331101,0.00001051,129105201,0.0000105,155295535,0.00001049,76126864,0.00001048,75133610,0.00001047,25908730,0.00001046,82195248,0.00001045,76658785,0.00001044,75820620,0.00001043,108862358,0.00001054,531680,0.00001055,58154052,0.00001056,222074528,0.00001057,160154341,0.00001058,58341778,0.00001059,8341778,0.0000106,76609242,0.00001061,78057395,0.00001062,76309315,0.00001063,78189239,0.00005,1774152000000
0,9,2,0.00001051,0.00001053,0.1903,1774137754750,0.00001037,21830890.00,0.00001036,5212354.00,0.00001035,925919.00,0.00001034,37850658.00,0.00001033,16971966.00,0.00001032,27627457.00,0.00001031,57139167.00,0.00001030,89836532.00,0.00001029,16504554.00,0.00001028,18102016.00,0.00001039,14099165.00,0.00001040,36700974.00,0.00001041,31510320.00,0.00001042,22840026.00,0.00001043,28151739.00,0.00001044,328859004.00,0.00001045,239492146.00,0.00001047,21401151.00,0.00001048,21497591.00,0.00001049,21401151.00,0.00001052,112331101,0.00001051,129105201,0.0000105,155295535,0.00001049,76126864,0.00001048,75133610,0.00001047,25908730,0.00001046,82195248,0.00001045,76658785,0.00001044,75820620,0.00001043,108862358,0.00001054,531680,0.00001055,58154052,0.00001056,222074528,0.00001057,160154341,0.00001058,58341778,0.00001059,8341778,0.0000106,76609242,0.00001061,78057395,0.00001062,76309315,0.00001063,78189239,0.00005,1774152000000
0,9,2,0.00001051,0.00001053,0.1903,1774137755050,0.00001039,12013769.00,0.00001038,740000.00,0.00001037,21090890.00,0.00001036,23329760.00,0.00001035,20246183.00,0.00001034,37850658.00,0.00001033,16971966.00,0.00001032,27627457.00,0.00001031,251196942.00,0.00001030,89836532.00,0.00001042,25429708.00,0.00001043,32349709.00,0.00001044,328859004.00,0.00001045,6315789.00,0.00001047,3222759.00,0.00001048,21497591.00,0.00001049,21401151.00,0.00001050,4776633.00,0.00001055,192685650.00,0.00001056,6346440.00,0.00001052,8164434,0.00001051,8164434,0.0000105,257976814,0.00001049,76126864,0.00001048,75133610,0.00001047,25908730,0.00001046,82195248,0.00001045,76658785,0.00001044,75820620,0.00001043,108862358,0.00001054,8685732,0.00001055,58154052,0.00001056,222074528,0.00001057,160154341,0.00001058,58341778,0.00001059,29863598,0.0000106,76609242,0.00001061,78057395,0.00001062,76309315,0.00001063,78189239,0.00005,1774152000000
0,9,2,0.00001051,0.00001053,0.1903,1774137755351,0.00001038,1734104.00,0.00001037,21829890.00,0.00001036,3474903.00,0.00001035,45876154.00,0.00001034,35343369.00,0.00001033,116604.00,0.00001031,47221542.00,0.00001030,73608778.00,0.00001029,16504554.00,0.00001028,18102016.00,0.00001040,21603756.00,0.00001041,20862753.00,0.00001042,25429708.00,0.00001043,32349709.00,0.00001044,328859004.00,0.00001045,6315789.00,0.00001047,3222759.00,0.00001048,21497591.00,0.00001049,21401151.00,0.00001050,4776633.00,0.00001051,8164434,0.0000105,257976814,0.00001049,76126864,0.00001048,75133610,0.00001047,25908730,0.00001046,82195248,0.00001045,76658785,0.00001044,75820620,0.00001043,108862358,0.00001042,26014439,0.00001054,8685732,0.00001055,58154052,0.00001056,230228580,0.00001057,160154341,0.00001058,75423331,0.00001059,29863598,0.0000106,76609242,0.00001061,78057395,0.00001062,76309315,0.00001063,78189239,0.00005,1774152000000
0,9,2,0.00001051,0.00001053,0.1903,1774137755652,0.00001037,14726377.00,0.00001036,3474903.00,0.00001035,20246183.00,0.00001034,35156861.00,0.00001033,17203585.00,0.00001032,48488151.00,0.00001031,47221542.00,0.00001030,96280450.00,0.00001029,16504554.00,0.00001028,18102016.00,0.00001039,10283000.00,0.00001040,22225152.00,0.00001041,20862753.00,0.00001042,28545623.00,0.00001043,29930603.00,0.00001044,328859004.00,0.00001045,198808570.00,0.00001047,3222759.00,0.00001048,21497591.00,0.00001049,21401151.00,0.00001051,112331101,0.0000105,155295535,0.00001049,76126864,0.00001048,75133610,0.00001047,25908730,0.00001046,82195248,0.00001045,76658785,0.00001044,75820620,0.00001043,108862358,0.00001042,26014439,0.00001054,8685732,0.00001055,58154052,0.00001056,230228580,0.00001057,160154341,0.00001058,75423331,0.00001059,29863598,0.0000106,76609242,0.00001061,78057395,0.00001062,76309315,0.00001063,78189239,0.00005,1774152000000
0,9,2,0.00001051,0.00001053,0.1903,1774137755953,0.00001037,14726377.00,0.00001036,3474903.00,0.00001035,26622994.00,0.00001034,35156861.00,0.00001033,17203585.00,0.00001032,48488151.00,0.00001031,47221542.00,0.00001030,96280450.00,0.00001029,16504554.00,0.00001028,18102016.00,0.00001039,10459238.00,0.00001040,22048914.00,0.00001041,20862753.00,0.00001042,26940920.00,0.00001043,29930603.00,0.00001044,328859004.00,0.00001045,198808570.00,0.00001047,3222759.00,0.00001048,21497591.00,0.00001049,21401151.00,0.00001049,112331101,0.00001048,58164434,0.00001047,17421487,0.00001046,182254608,0.00001045,76658785,0.00001044,75820620,0.00001043,108862358,0.00001042,26014439,0.00001041,26650395,0.0000104,34137394,0.00001053,131400449,0.00001054,28052350,0.00001055,79710467,0.00001056,249801966,0.00001057,75769931,0.00001058,75423331,0.00001059,29863598,0.0000106,76609242,0.00001061,78057395,0.00001062,76309315,0.00005,1774152000000
0,9,2,0.00001051,0.00001053,0.1903,1774137756253,0.00001038,10283000.00,0.00001037,41478106.00,0.00001036,26156467.00,0.00001035,26622994.00,0.00001034,35156861.00,0.00001033,17203585.00,0.00001032,48488151.00,0.00001031,24249775.00,0.00001030,73608778.00,0.00001029,16504554.00,0.00001041,12013769.00,0.00001042,27034411.00,0.00001043,29930603.00,0.00001044,328859004.00,0.00001045,6315789.00,0.00001047,3222759.00,0.00001048,21497591.00,0.00001049,21401151.00,0.00001050,4776633.00,0.00001055,192685650.00,0.00001049,162331101,0.00001048,58164434,0.00001047,17421487,0.00001046,182254608,0.00001045,76658785,0.00001044,75820620,0.00001043,108862358,0.00001042,26014439,0.00001041,26650395,0.0000104,34137394,0.00001053,123246397,0.00001054,28052350,0.00001055,79710467,0.00001056,249801966,0.00001057,75769931,0.00001058,75423331,0.00001059,29863598,0.0000106,76609242,0.00001061,78057395,0.00001062,76309315,0.00005,1774152000000
0,9,2,0.00001051,0.00001052,0.0951,1774137756554,0.00001040,27143252.00,0.00001039,28004913.00,0.00001038,27600424.00,0.00001037,16468729.00,0.00001036,37624554.00,0.00001035,40784878.00,0.00001034,35343369.00,0.00001033,17203585.00,0.00001032,20189651.00,0.00001031,40283953.00,0.00001042,12017104.00,0.00001043,10283000.00,0.00001044,328859004.00,0.00001045,6315789.00,0.00001047,3222759.00,0.00001048,21497591.00,0.00001049,21401151.00,0.00001050,4776633.00,0.00001054,9615384.00,0.00001055,192685650.00,0.00001049,162331101,0.00001048,58164434,0.00001047,17421487,0.00001046,182254608,0.00001045,76658785,0.00001044,75820620,0.00001043,108862358,0.00001042,26014439,0.00001041,26650395,0.0000104,34137394,0.00001053,123246397,0.00001054,28052350,0.00001055,79710467,0.00001056,249801966,0.00001057,75769931,0.00001058,75423331,0.00001059,29863598,0.0000106,76609242,0.00001061,78057395,0.00001062,76309315,0.00005,1774152000000
0,9,2,0.00001051,0.00001052,0.0951,1774137756854,0.00001040,27317696.00,0.00001039,10283000.00,0.00001038,27600424.00,0.00001037,16468729.00,0.00001036,51786438.00,0.00001035,20246183.00,0.00001034,35343369.00,0.00001033,17203585.00,0.00001032,20189651.00,0.00001031,40283953.00,0.00001042,12017104.00,0.00001043,26452010.00,0.00001044,328859004.00,0.00001045,6315789.00,0.00001047,3222759.00,0.00001048,21497591.00,0.00001049,21401151.00,0.00001050,4776633.00,0.00001053,34418705.00,0.00001055,192685650.00,0.00001049,162331101,0.00001048,58164434,0.00001047,17421487,0.00001046,182254608,0.00001045,76658785,0.00001044,75820620,0.00001043,108862358,0.00001042,26014439,0.00001041,26650395,0.0000104,34137394,0.00001053,123246397,0.00001054,28052350,0.00001055,79710467,0.00001056,249801966,0.00001057,75769931,0.00001058,75423331,0.00001059,29863598,0.0000106,76609242,0.00001061,78057395,0.00001062,76309315,0.00005,1774152000000
0,9,2,0.00001051,0.00001052,0.0951,1774137757155,0.00001040,27317696.00,0.00001039,11166795.00,0.00001038,33958805.00,0.00001037,16468729.00,0.00001036,51786438.00,0.00001035,20246183.00,0.00001034,35343369.00,0.00001033,17203585.00,0.00001032,20189651.00,0.00001031,106483826.00,0.00001042,12017104.00,0.00001043,26452010.00,0.00001044,328859004.00,0.00001045,6315789.00,0.00001047,3222759.00,0.00001048,21497591.00,0.00001049,21401151.00,0.00001050,4776633.00,0.00001053,34418705.00,0.00001055,192685650.00,0.00001049,162331101,0.00001048,58164434,0.00001047,17421487,0.00001046,182254608,0.00001045,76658785,0.00001044,75820620,0.00001043,108862358,0.00001042,26014439,0.00001041,26650395,0.0000104,34137394,0.00001053,123246397,0.00001054,27520670,0.00001055,79710467,0.00001056,249801966,0.00001057,75769931,0.00001058,75423331,0.00001059,29863598,0.0000106,76609242,0.00001061,78057395,0.00001062,76309315,0.00005,1774152000000
0,9,2,0.00001051,0.00001053,0.1903,1774137757455,0.00001041,2598082.00,0.00001040,27317696.00,0.00001039,28088448.00,0.00001038,33958805.00,0.00001037,16468729.00,0.00001036,51786438.00,0.00001035,20246183.00,0.00001034,35343369.00,0.00001033,17203585.00,0.00001031,106483826.00,0.00001043,9875424.00,0.00001044,328859004.00,0.00001045,6315789.00,0.00001047,20421315.00,0.00001048,21497591.00,0.00001049,21401151.00,0.00001050,4776633.00,0.00001053,34418705.00,0.00001055,192685650.00,0.00001056,6346440.00,0.00001049,162331101,0.00001048,58164434,0.00001047,17421487,0.00001046,182254608,0.00001045,76658785,0.00001044,75820620,0.00001043,108862358,0.00001042,26014439,0.00001041,26650395,0.0000104,34137394,0.00001053,123246397,0.00001054,27520670,0.00001055,79710467,0.00001056,249801966,0.00001057,75769931,0.00001058,75423331,0.00001059,29863598,0.0000106,76609242,0.00001061,78057395,0.00001062,76309315,0.00005,1774152000000
0,9,2,0.00001051,0.00001053,0.1903,1774137757756,0.00001041,3217648.00,0.00001040,26697666.00,0.00001039,28088448.00,0.00001038,33958805.00,0.00001037,16468729.00,0.00001036,51786438.00,0.00001035,20246183.00,0.00001034,35343369.00,0.00001033,17203585.00,0.00001032,17696948.00,0.00001043,9875424.00,0.00001044,328859004.00,0.00001045,6315789.00,0.00001047,20421315.00,0.00001048,21497591.00,0.00001049,21401151.00,0.00001050,4776633.00,0.00001053,34418705.00,0.00001055,192685650.00,0.00001056,6346440.00,0.00001049,162331101,0.00001048,58164434,0.00001047,17421487,0.00001046,182254608,0.00001045,76658785,0.00001044,75820620,0.00001043,108862358,0.00001042,26014439,0.00001041,26650395,0.0000104,34137394,0.00001053,123246397,0.00001054,27520670,0.00001055,79710467,0.00001056,249801966,0.00001057,75769931,0.00001058,75423331,0.00001059,29863598,0.0000106,76609242,0.00001061,78057395,0.00001062,76309315,0.00005,1774152000000
0,9,2,0.00001051,0.00001053,0.1903,1774137758057,0.00001041,3217648.00,0.00001040,26697666.00,0.00001039,28088448.00,0.00001038,33958805.00,0.00001037,16468729.00,0.00001036,51786438.00,0.00001035,20246183.00,0.00001034,35343369.00,0.00001033,17203585.00,0.00001032,17696948.00,0.00001043,9875424.00,0.00001044,328859004.00,0.00001045,6315789.00,0.00001047,20421315.00,0.00001048,21497591.00,0.00001049,21401151.00,0.00001050,4776633.00,0.00001052,9596928.00,0.00001055,192685650.00,0.00001056,6346440.00,0.00001049,162331101,0.00001048,58164434,0.00001047,17421487,0.00001046,182254608,0.00001045,76658785,0.00001044,75820620,0.00001043,108862358,0.00001042,26014439,0.00001041,26650395,0.0000104,34137394,0.00001053,123246397,0.00001054,19366618,0.00001055,79710467,0.00001056,249801966,0.00001057,75769931,0.00001058,75423331,0.00001059,29863598,0.0000106,76609242,0.00001061,78057395,0.00001062,76309315,0.00005,1774152000000
0,9,2,0.00001051,0.00001053,0.1903,1774137758358,0.00001041,3217648.00,0.00001040,26697666.00,0.00001039,28088448.00,0.00001038,33958805.00,0.00001037,16468729.00,0.00001036,51786438.00,0.00001035,20246183.00,0.00001034,35343369.00,0.00001033,209142163.00,0.00001032,17696948.00,0.00001043,9875424.00,0.00001044,328859004.00,0.00001045,6315789.00,0.00001047,20421315.00,0.00001048,21497591.00,0.00001049,21401151.00,0.00001050,4776633.00,0.00001052,9596928.00,0.00001055,192685650.00,0.00001056,6346440.00,0.00001049,162331101,0.00001048,58164434,0.00001047,17421487,0.00001046,182254608,0.00001045,76658785,0.00001044,75820620,0.00001043,108862358,0.00001042,26014439,0.00001041,26650395,0.0000104,34137394,0.00001053,123246397,0.00001054,27520670,0.00001055,79710467,0.00001056,249801966,0.00001057,75769931,0.00001058,75423331,0.00001059,29863598,0.0000106,76609242,0.00001061,78057395,0.00001062,76309315,0.00005,1774152000000
